taxonID,threatStatus,appendixCITES
380531,EN,I
380529,EN,I
380289,NT,I
380548,LC,I
380257,EN,I
380617,VU,I
380614,VU,I
380530,NULL,I
380295,NULL,I
380291,NT,I
380615,EN,I
380541,VU,I
380294,VU,I
380551,VU,I
380293,EN,I
380616,CR,I
380618,VU,I
380552,VU,I
380248,EN,I
380532,LC,I
380104,VU,I
385002,EN,I
395227,EN,I
385001,NULL,I
404624,NT,I
404630,VU,I
404565,EN,I
419415,NT,I
419416,VU,I
417808,EN,I
430488,NULL,I
421135,LC,I
421046,LC,I
ac2014:11933019,VU,I
380528,LC,I|II
418026,NULL,I|II
416107,LC,I|II
417693,NULL,I|II
202073,NULL,II
201927,NULL,II
201912,NULL,II
202048,NULL,II
201908,NULL,II
201998,EN,II
202016,NULL,II
201934,EN,II
201119,NULL,II
202014,NULL,II
202007,NULL,II
201902,NULL,II
202066,NULL,II
202035,LC,II
202033,NULL,II
202057,NULL,II
201939,NULL,II
201966,NULL,II
201915,NULL,II
201997,VU,II
201963,NULL,II
202028,NULL,II
201983,NULL,II
201949,NULL,II
201985,NULL,II
202018,NULL,II
202061,NULL,II
201956,NULL,II
202047,NULL,II
201945,NULL,II
202043,NULL,II
202053,NULL,II
202005,NULL,II
201921,NULL,II
201916,NULL,II
202003,NULL,II
201897,NULL,II
202012,NULL,II
201957,NULL,II
202065,NULL,II
201964,NULL,II
202041,EN,II
202058,NULL,II
201944,NULL,II
201920,NULL,II
201935,NULL,II
201950,NULL,II
202079,NULL,II
201969,NULL,II
202009,NULL,II
201937,EN,II
201988,NULL,II
202019,NULL,II
201928,NULL,II
201907,NULL,II
201996,NULL,II
202038,NULL,II
201923,NULL,II
201900,NULL,II
201987,NULL,II
202078,NULL,II
201982,NULL,II
201981,NULL,II
202055,NULL,II
202077,NULL,II
201955,NULL,II
202040,NULL,II
201911,NULL,II
201941,NULL,II
202064,NULL,II
201954,NULL,II
202008,NULL,II
201978,NULL,II
201965,NULL,II
201953,NULL,II
201918,NULL,II
201951,NULL,II
202071,NULL,II
201975,NULL,II
201972,NULL,II
201943,NULL,II
201898,NULL,II
201952,NULL,II
201936,NULL,II
201970,NULL,II
202068,NULL,II
201929,NULL,II
201984,NULL,II
202060,NULL,II
202011,NULL,II
202015,NULL,II
201986,NULL,II
201974,NULL,II
202020,NULL,II
202063,NULL,II
201947,NULL,II
201948,NULL,II
202025,NULL,II
201979,NULL,II
201932,NULL,II
202046,NULL,II
201925,NULL,II
201922,NULL,II
202062,NULL,II
201092,EN,II
202080,NULL,II
201938,NULL,II
202031,NULL,II
202067,NULL,II
202000,NULL,II
201926,NULL,II
201959,NULL,II
201967,NULL,II
201946,NULL,II
202004,NULL,II
202056,NULL,II
201993,NULL,II
201913,NULL,II
201992,NULL,II
201910,NULL,II
202059,VU,II
201973,NULL,II
202052,NULL,II
202026,NULL,II
202042,NULL,II
201903,NULL,II
201989,NULL,II
201933,NULL,II
201930,NULL,II
202148,NULL,II
202193,NULL,II
202178,NULL,II
202149,NULL,II
202203,NULL,II
202230,NULL,II
202209,NULL,II
202176,NULL,II
202185,NULL,II
202138,NULL,II
202175,NULL,II
202085,NULL,II
202186,NULL,II
202172,NULL,II
202224,NULL,II
202119,NULL,II
202195,NULL,II
202086,NULL,II
202169,NULL,II
202229,NULL,II
202101,NULL,II
202096,NULL,II
202181,NULL,II
202210,NULL,II
202161,NULL,II
202115,NULL,II
202239,NULL,II
202100,NULL,II
202097,NULL,II
202192,NULL,II
202179,NULL,II
202183,NULL,II
202158,NULL,II
202227,NULL,II
202087,NULL,II
202204,NULL,II
202151,NULL,II
202109,NULL,II
202250,LC,II
202103,NULL,II
202194,NULL,II
202167,NULL,II
202089,NULL,II
202241,NULL,II
202205,NULL,II
202189,NULL,II
202093,NULL,II
202187,NULL,II
202168,NULL,II
202234,NULL,II
202114,NULL,II
202147,NULL,II
202182,NULL,II
202196,NULL,II
202238,NULL,II
202219,NULL,II
202153,NULL,II
202104,NULL,II
202090,NULL,II
202983,LC,II
202184,NULL,II
202173,NULL,II
202162,NULL,II
202106,NULL,II
202844,NULL,II
202247,NULL,II
202108,NULL,II
202235,NULL,II
202177,NULL,II
202157,NULL,II
202099,EN,II
202134,NULL,II
202155,NULL,II
202180,NULL,II
202111,NULL,II
202084,NULL,II
202237,NULL,II
202188,NULL,II
202226,NULL,II
202094,NULL,II
202243,NULL,II
202232,NULL,II
202214,NULL,II
202217,NULL,II
202171,NULL,II
202123,NULL,II
202215,NULL,II
202152,NULL,II
202207,LC,II
202146,NULL,II
202156,NULL,II
202154,NULL,II
202088,NULL,II
202206,NULL,II
202092,NULL,II
313004,LC,II
312886,LC,II
312985,LC,II
312911,LC,II
313037,LC,II
313041,VU,II
313026,LC,II
313025,LC,II
312983,LC,II
313005,LC,II
313021,LC,II
313035,LC,II
312915,LC,II
313011,LC,II
312995,NT,II
312990,NT,II
313024,LC,II
312891,NT,II
312956,LC,II
312924,LC,II
312959,LC,II
312996,NT,II
312869,VU,II
312926,LC,II
312917,VU,II
312945,LC,II
312944,VU,II
312927,LC,II
312906,VU,II
312980,LC,II
312888,NT,II
313000,NT,II
312879,LC,II
312989,NT,II
312928,LC,II
312881,LC,II
313010,NT,II
312910,LC,II
313042,LC,II
313020,LC,II
313012,NT,II
205674,NULL,II
312939,LC,II
312918,LC,II
312947,VU,II
312961,VU,II
313028,NT,II
312994,LC,II
313002,LC,II
312955,LC,II
312932,LC,II
313006,LC,II
312972,LC,II
312953,VU,II
312998,NT,II
313015,NT,II
312877,NT,II
312885,NULL,II
313033,LC,II
312954,LC,II
312964,VU,II
312875,NULL,II
312946,LC,II
313029,LC,II
313019,LC,II
312868,VU,II
312971,LC,II
312943,LC,II
312973,VU,II
312893,NT,II
205020,NULL,II
312986,LC,II
312999,NT,II
312940,LC,II
312993,NT,II
312914,LC,II
312899,LC,II
312948,NT,II
312889,VU,II
312884,NT,II
312920,NT,II
312942,LC,II
205113,NULL,II
205117,NULL,II
312919,LC,II
312901,VU,II
312960,VU,II
312982,LC,II
312902,LC,II
312887,VU,II
313008,LC,II
312925,NT,II
312870,NT,II
312933,LC,II
312883,NT,II
313022,LC,II
312941,LC,II
313009,LC,II
312904,LC,II
312934,NULL,II
313034,LC,II
312949,VU,II
312977,LC,II
312966,NT,II
312958,LC,II
312912,VU,II
312896,LC,II
312997,NT,II
312882,NT,II
312992,LC,II
312988,LC,II
313017,LC,II
312898,LC,II
312900,NT,II
312976,VU,II
312968,NULL,II
312921,NT,II
312981,LC,II
312975,VU,II
312962,NT,II
312991,LC,II
313014,LC,II
312909,VU,II
312871,NULL,II
312951,VU,II
313007,LC,II
312984,NT,II
312930,NT,II
312873,LC,II
313036,LC,II
313039,LC,II
313023,LC,II
312937,NT,II
312913,LC,II
313018,NT,II
313001,LC,II
313038,VU,II
312903,NT,II
313043,LC,II
312894,NT,II
312922,NT,II
313040,LC,II
312890,LC,II
312905,LC,II
312963,VU,II
312965,VU,II
312923,LC,II
312957,VU,II
313030,NULL,II
313013,NT,II
312936,LC,II
205118,NULL,II
312935,LC,II
312897,LC,II
313027,LC,II
312878,VU,II
312876,NT,II
312844,VU,II
312974,VU,II
313031,LC,II
312929,NT,II
312880,NT,II
312907,LC,II
312969,NULL,II
313032,LC,II
312916,VU,II
312931,LC,II
312987,NT,II
312950,LC,II
312952,LC,II
312938,NT,II
313840,NULL,II
313106,VU,II
313084,NT,II
313075,LC,II
313131,LC,II
313838,VU,II
313088,NT,II
313062,LC,II
313090,NT,II
313095,LC,II
313110,NT,II
313085,LC,II
313054,LC,II
313105,NT,II
313074,LC,II
313078,LC,II
313132,LC,II
313123,LC,II
313121,LC,II
313108,NT,II
313072,VU,II
313071,LC,II
313049,NT,II
313111,NT,II
313089,LC,II
313103,NT,II
313069,LC,II
313118,NT,II
313050,NT,II
313076,LC,II
313051,LC,II
313839,VU,II
313059,LC,II
313107,LC,II
313079,LC,II
313100,NT,II
313120,LC,II
313052,LC,II
313083,LC,II
313096,VU,II
313841,NULL,II
313066,LC,II
313104,LC,II
313093,VU,II
313061,NT,II
313119,NT,II
313122,NULL,II
313056,VU,II
313082,NT,II
313101,LC,II
313046,LC,II
313060,NT,II
313070,LC,II
313063,LC,II
313099,NT,II
313067,NT,II
313057,NT,II
313080,LC,II
313097,NT,II
313127,LC,II
313115,LC,II
313086,LC,II
313128,VU,II
313053,LC,II
313058,NT,II
313116,NT,II
313837,NULL,II
313113,VU,II
313114,LC,II
313065,NT,II
313836,NULL,II
313126,NT,II
313044,NT,II
313092,NT,II
313048,LC,II
313087,LC,II
313102,LC,II
313109,LC,II
313055,LC,II
313045,LC,II
313129,LC,II
313112,VU,II
313073,NT,II
313068,LC,II
313081,VU,II
313077,LC,II
313064,LC,II
313098,LC,II
313047,LC,II
313094,NT,II
380653,NULL,II
380546,NULL,II
380099,LC,II
380102,NT,II
380543,LC,II
380105,LC,II
380542,LC,II
380538,NULL,II
380547,LC,II
380556,LC,II
380537,LC,II
380554,NULL,II
380436,VU,II
380544,NULL,II
380539,LC,II
380664,VU,II
380109,LC,II
380612,EN,II
380536,LC,II
380590,LC,II
380550,NULL,II
380153,LC,II
380540,NULL,II
380062,NULL,II
380500,LC,II
380535,NULL,II
380534,NULL,II
380611,EN,II
380103,NULL,II
380545,LC,II
380549,NULL,II
380555,NULL,II
381117,VU,II
381119,VU,II
381118,VU,II
381120,VU,II
381941,EN,II
383165,VU,II
383413,LC,II
383122,VU,II
383089,EN,II
383166,VU,II
395319,NULL,II
383123,VU,II
383137,EN,II
383125,VU,II
383088,EN,II
383168,NT,II
383072,VU,II
385000,LC,II
383124,VU,II
395321,NULL,II
383090,VU,II
383121,VU,II
395320,VU,II
383167,NT,II
383075,VU,II
401636,NT,II
401632,VU,II
395638,VU,II
400850,NULL,II
404527,NULL,II
404589,NT,II
400919,NULL,II
404587,LC,II
400852,NULL,II
400914,NULL,II
401639,NT,II
402126,LC,II
404551,LC,II
401635,LC,II
400921,NULL,II
401638,NT,II
401645,LC,II
402127,VU,II
404534,NULL,II
400923,NULL,II
401633,NT,II
400924,NULL,II
400849,EN,II
404528,NULL,II
401644,LC,II
400906,NULL,II
404588,LC,II
402129,LC,II
401640,LC,II
400848,NULL,II
395446,LC,II
402128,NULL,II
400853,NULL,II
417905,EN,II
418398,VU,II
417867,LC,II
419631,LC,II
418322,NULL,II
419446,LC,II
418245,LC,II
418397,LC,II
416366,NT,II
416280,LC,II
417886,LC,II
419835,NULL,II
416349,NT,II
416344,NT,II
418346,NULL,II
416274,LC,II
416268,VU,II
418330,LC,II
419433,LC,II
417593,NULL,II
417835,EN,II
416347,NT,II
417922,NULL,II
418396,NULL,II
418016,LC,II
417722,VU,II
419413,EN,II
417958,LC,II
416345,NT,II
418130,EN,II
417641,NULL,II
419414,LC,II
422532,LC,II
428103,VU,II
422516,EN,II
424247,NULL,II
422397,NULL,II
422445,LC,II
426869,NULL,II
427027,NULL,II
428137,LC,II
424984,NULL,II
422413,NT,II
424244,NULL,II
422403,NT,II
424248,NULL,II
422512,NT,II
422537,NT,II
428139,NT,II
422531,VU,II
428104,VU,II
422538,NT,II
427072,NULL,II
427079,NULL,II
424260,NULL,II
427283,VU,II
422509,NT,II
422535,NT,II
427489,LC,II
422433,LC,II
422508,NT,II
426879,NULL,II
424975,NULL,II
424980,NULL,II
422383,LC,II
428105,LC,II
422533,LC,II
422534,LC,II
422427,VU,II
428106,VU,II
422510,NT,II
424979,NULL,II
427039,NULL,II
427063,NULL,II
428138,VU,II
427080,NULL,II
422528,VU,II
422514,LC,II
422539,LC,II
427078,NULL,II
422390,VU,II
427142,NULL,II
422529,NT,II
422446,NT,II
424250,NULL,II
422444,VU,II
422078,NULL,II
422465,NT,II
422450,LC,II
431228,VU,II
426886,NULL,II
426878,NULL,II
426256,NULL,II
424982,NULL,II
428071,LC,II
422511,NT,II
422393,VU,II
431826,VU,II
431827,VU,II
431828,VU,II
420877,LC,II
425250,LC,II
429635,LC,II
431685,LC,II
432360,LC,II
432465,LC,II
422372,NT,II
420886,LC,II
420858,LC,II
421033,LC,II
420943,LC,II
420859,LC,II
422374,NULL,II
312872,NULL,II
422523,NULL,II
401634,NT,II
431829,NULL,II
422438,NULL,II
401637,LC,II
312895,NULL,II
422439,NULL,II
431831,NULL,II
431830,NULL,II
422409,VU,II
422417,LC,II
422386,NULL,II
422431,NULL,II
429605,NULL,II
Fis-54376,CR,II
429492,NULL,II
431648,NULL,II
420976,LC,II
420975,LC,II
420973,LC,II
429493,NULL,II
421048,LC,II
431649,NULL,II
429584,NULL,II
429631,NULL,II
431650,NULL,II
429632,NULL,II
431651,NULL,II
429633,NULL,II
431653,NULL,II
421098,LC,II
421068,LC,II
429495,NULL,II
431657,NULL,II
429496,NULL,II
429572,NULL,II
431658,NULL,II
431659,NULL,II
431660,NULL,II
429494,NULL,II
431661,NULL,II
431662,NULL,II
431663,NULL,II
431664,NULL,II
431665,NULL,II
431666,NULL,II
431667,NULL,II
421026,LC,II
421025,LC,II
431668,NULL,II
431669,NULL,II
Rep-Syn-4294,VU,II
431670,NULL,II
429604,NULL,II
422476,VU,II
429603,NULL,II
431671,NULL,II
429580,NULL,II
431673,NULL,II
429581,NULL,II
431674,NULL,II
429582,NULL,II
429583,NULL,II
431675,NULL,II
431676,NULL,II
313208,NULL,II
431677,NULL,II
431678,NULL,II
431679,NULL,II
431680,NULL,II
421050,LC,II
429634,NULL,II
431681,NULL,II
ITS-714097,NULL,II
417633,NULL,II
421020,LC,II
421021,LC,II
421005,LC,II
429627,NULL,II
429626,NULL,II
429630,NULL,II
429629,NULL,II
429628,NULL,II
431682,NULL,II
429625,NULL,II
429615,NULL,II
431683,NULL,II
429614,NULL,II
429613,NULL,II
429612,NULL,II
431684,NULL,II
429611,NULL,II
429610,NULL,II
416273,LC,II
417581,LC,II
420972,LC,II
421134,LC,II
Fis-131085,NULL,II
Fis-59172,LC,II
Fis-135591,NULL,II
Fis-145685,NULL,II
Fis-131084,VU,II
Fis-59171,LC,II
Fis-145690,NULL,II
421069,NULL,II
432102,NULL,II
429624,NULL,II
429623,NULL,II
431686,NULL,II
429622,NULL,II
416348,NT,II
429608,NULL,II
429573,NULL,II
431687,NULL,II
431688,NULL,II
Rep-Syn-11057,EN,II
ITS-770986,NULL,II
421133,LC,II
Fis-61508,NULL,II
Rep-Syn-11626,NULL,II
Rep-4964,VU,II
429688,NULL,II
420974,LC,II
431689,NULL,II
429602,NULL,II
420963,LC,II
421041,NT,II
420962,LC,II
421040,LC,II
421047,LC,II
421049,LC,II
429621,NULL,II
431690,NULL,II
421104,LC,II
429620,NULL,II
431691,NULL,II
418194,NULL,II
431692,NULL,II
431693,NULL,II
429607,NULL,II
421024,LC,II
421070,NULL,II
429577,NULL,II
429575,NULL,II
429576,NULL,II
431694,NULL,II
431695,NULL,II
421014,LC,II
421013,LC,II
313210,NULL,II
313091,NULL,II
429637,NULL,II
429636,NULL,II
431882,NULL,II
431696,NULL,II
429578,NULL,II
431697,NULL,II
431698,NULL,II
431699,NULL,II
429579,NULL,II
347307,NULL,II
429601,NULL,II
431700,NULL,II
431701,NULL,II
431702,NULL,II
431703,NULL,II
429619,NULL,II
431704,NULL,II
431705,NULL,II
431706,NULL,II
429618,NULL,II
429617,NULL,II
431707,NULL,II
429616,NULL,II
431708,NULL,II
420961,LC,II
418252|Rep-Syn-17775,LC,II
Kew-1419,NULL,II
Kew-1451,EN,II
Kew-1457,NULL,II
Kew-1459,NULL,II
Kew-4880,NULL,II
Kew-6204,NULL,II
425256,NULL,II
425248,NULL,II
425254,NULL,II
425249,NULL,II
425253,NULL,II
425257,NULL,II
ac2013:13419,NULL,II
ac2013:13418,NULL,II
425246,NULL,II
425251,NULL,II
425244,NULL,II
407790,NULL,II
407759,NULL,II
407775,NULL,II
407783,NULL,II
Kew-8980,NULL,II
201904,NULL,II
Kew-10154,NULL,II
Kew-10173,NULL,II
Kew-12754,NULL,II
431131,NULL,II
Kew-16428,NULL,II
Kew-16431,NULL,II
Kew-16442,NULL,II
Kew-26018,NULL,II
Kew-26186,NULL,II
ac2011:8290648,NULL,II
Kew-27130,NULL,II
Kew-27309,NULL,II
Kew-27455,NULL,II
Kew-27722,NULL,II
424162,NULL,II
Kew-30101,NULL,II
Kew-30103,NULL,II
Kew-30109,NULL,II
Kew-30115,NULL,II
Kew-30198,NULL,II
Kew-30242,NULL,II
Kew-30307,NULL,II
Kew-30319,NULL,II
Kew-30338,NULL,II
Kew-30358,NULL,II
Kew-30367,NULL,II
ac2013:03005,NULL,II
Kew-30380,NULL,II
Kew-30424,NULL,II
Kew-30473,NULL,II
430004,NULL,II
201961,NULL,II
Kew-38763,EN,II
424976,NULL,II
201968,NULL,II
424978,NULL,II
Kew-39908,NULL,II
Kew-39911,NULL,II
Kew-39916,NULL,II
427221,NULL,II
427942,NULL,II
Kew-48152,NULL,II
Kew-48170,NULL,II
Kew-48820,NULL,II
Kew-48944,NULL,II
Kew-48996,NULL,II
Kew-49001,NULL,II
Kew-52155,NULL,II
429238,NULL,II
Kew-53324,NULL,II
427217,NULL,II
203096,NULL,II
432452,NULL,II
ILD-24334-21278,NULL,II
203097,NULL,II
ac2011:8402685,NULL,II
Kew-57050,NULL,II
ac2011:8402904,NULL,II
Kew-57421,NULL,II
Kew-57602,NULL,II
Kew-57929,NULL,II
ac2011:8401735,CR,II
Kew-58517,NULL,II
Kew-58536,NULL,II
ac2011:8401731,CR,II
Kew-58630,NULL,II
ac2013:03439,NULL,II
ac2011:8402913,EN,II
ac2013:14346,NULL,II
Kew-61822,NULL,II
Kew-63161,NULL,II
Kew-63171,NULL,II
Kew-63185,NULL,II
Kew-70267,NULL,II
Kew-70460,NULL,II
Kew-70462,NULL,II
Kew-70859,NULL,II
Kew-71259,NULL,II
Kew-72111,NULL,II
Kew-74196,NULL,II
Kew-77426,NULL,II
Kew-77472,NULL,II
Kew-77526,NULL,II
Kew-77592,NULL,II
Kew-77750,NULL,II
Kew-77753,NULL,II
Kew-77817,NULL,II
Kew-77944,NULL,II
Kew-78045,NULL,II
Kew-78489,VU,II
Kew-81685,NULL,II
426639,NULL,II
Kew-85300,NULL,II
427225,NULL,II
Kew-88762,NULL,II
424981,NULL,II
422075,NULL,II
426636,NULL,II
426637,NULL,II
422074,NULL,II
422076,NULL,II
424968,NULL,II
426887,NULL,II
422073,NULL,II
Kew-89237,NULL,II
Kew-91792,NULL,II
Kew-91823,NULL,II
Kew-91911,NULL,II
Kew-91914,NULL,II
Kew-91915,NULL,II
Kew-94634,VU,II
Kew-95130,NULL,II
ac2011:8424998,NULL,II
Kew-95534,NULL,II
430005,NULL,II
ac2013:13347,NULL,II
424964,NULL,II
Kew-98225,EN,II
Kew-98239,NULL,II
Kew-98669,NULL,II
425316,NULL,II
ac2013:12935,NULL,II
Kew-98745,NULL,II
427226,NULL,II
ac2013:13797,NULL,II
Kew-251169,NULL,II
Kew-109161,NULL,II
424961,NULL,II
202102,NULL,II
422071,NULL,II
422611,NULL,II
Kew-112623,NULL,II
Kew-112810,NULL,II
Kew-112875,NULL,II
424962,NULL,II
Kew-112983,NULL,II
Kew-113111,NULL,II
427748,NULL,II
427749,NULL,II
Kew-113162,NULL,II
ac2013:13370,NULL,II
425372,NULL,II
422072,NULL,II
Kew-127908,NULL,II
ac2011:8205665,NULL,II
Kew-128215,NULL,II
426885,NULL,II
427227,NULL,II
427228,NULL,II
427229,NULL,II
427230,NULL,II
427231,NULL,II
427232,NULL,II
426638,NULL,II
Kew-135264,NULL,II
Kew-135263,NULL,II
Kew-135272,NULL,II
430006,NULL,II
Kew-135337,NULL,II
428615,NULL,II
Kew-135345,NULL,II
426701,NULL,II
Kew-135353,NULL,II
428616,NULL,II
Kew-138029,NULL,II
Kew-143702,NULL,II
Kew-145373,NULL,II
Kew-256401,NULL,II
Kew-147687,NULL,II
427285,NULL,II
Kew-151014,NULL,II
Kew-151123,NULL,II
Kew-152976,NULL,II
427224,NULL,II
427222,NULL,II
427233,NULL,II
Kew-157240,NULL,II
427286,NULL,II
Kew-159030,NULL,II
424171,VU,II
Kew-178271,NULL,II
Kew-193298,NULL,II
407771,NULL,II
430253,NULL,II
424960,NULL,II
Kew-194449,NULL,II
Kew-194530,NULL,II
ac2013:02773,NULL,II
Kew-201238,NULL,II
Kew-201251,NULL,II
426702,NULL,II
Kew-201278,NULL,II
414551,EN,II
Kew-204057,NULL,II
Kew-208184,NULL,II
426703,NULL,II
429282,NULL,II
Kew-209355,NULL,II
Kew-211551,NULL,II
Kew-211931,NULL,II
Kew-211983,EN,II
Kew-212004,NULL,II
Kew-215643,NULL,II
425315,NULL,II
417949,LC,NC
417695,LC,NC
432265,LC,NC
425243,NULL,NC
121627,LC,NULL
121610,LC,NULL
121623,LC,NULL
141107,LC,NULL
141381,EN,NULL
143422,VU,NULL
201282,LC,NULL
201356,LC,NULL
201880,LC,NULL
201883,LC,NULL
201495,LC,NULL
201737,LC,NULL
201636,LC,NULL
201321,LC,NULL
201888,LC,NULL
201309,LC,NULL
201125,LC,NULL
201358,LC,NULL
201491,LC,NULL
201886,LC,NULL
201310,LC,NULL
201118,EN,NULL
201096,EN,NULL
201736,LC,NULL
201175,LC,NULL
201130,LC,NULL
201295,LC,NULL
201877,LC,NULL
201241,LC,NULL
201097,VU,NULL
201890,LC,NULL
201102,NT,NULL
201730,LC,NULL
201509,LC,NULL
201728,LC,NULL
201197,LC,NULL
201381,LC,NULL
201277,LC,NULL
201276,LC,NULL
201735,LC,NULL
201107,NT,NULL
201155,LC,NULL
201621,LC,NULL
201372,LC,NULL
201875,LC,NULL
201108,LC,NULL
201103,EN,NULL
201349,LC,NULL
201350,LC,NULL
201296,LC,NULL
201891,LC,NULL
201288,LC,NULL
201352,LC,NULL
201172,LC,NULL
201203,LC,NULL
201187,LC,NULL
201727,LC,NULL
201334,LC,NULL
201120,EN,NULL
201627,LC,NULL
201138,LC,NULL
201123,LC,NULL
201275,LC,NULL
201324,LC,NULL
201311,LC,NULL
201306,LC,NULL
201497,LC,NULL
201274,LC,NULL
201366,LC,NULL
201252,LC,NULL
201335,LC,NULL
201294,LC,NULL
201536,LC,NULL
201436,LC,NULL
201157,LC,NULL
201550,LC,NULL
201146,LC,NULL
201170,LC,NULL
201659,LC,NULL
201615,LC,NULL
201112,NT,NULL
201613,LC,NULL
201572,LC,NULL
201874,LC,NULL
201499,LC,NULL
201518,LC,NULL
201649,LC,NULL
201379,LC,NULL
201290,LC,NULL
201881,LC,NULL
201312,LC,NULL
201657,LC,NULL
201299,LC,NULL
201876,LC,NULL
201114,VU,NULL
201339,LC,NULL
201117,NT,NULL
201553,LC,NULL
201523,LC,NULL
201724,LC,NULL
201134,LC,NULL
201668,LC,NULL
201732,LC,NULL
201846,LC,NULL
201887,LC,NULL
201127,LC,NULL
201734,LC,NULL
201101,LC,NULL
201612,LC,NULL
201286,LC,NULL
201193,LC,NULL
201322,LC,NULL
201293,LC,NULL
201412,LC,NULL
201639,LC,NULL
201614,LC,NULL
201338,LC,NULL
201303,LC,NULL
201171,LC,NULL
202036,LC,NULL
201111,NT,NULL
201115,LC,NULL
201329,LC,NULL
201113,EN,NULL
201292,LC,NULL
201435,LC,NULL
201598,LC,NULL
201351,LC,NULL
201670,LC,NULL
201121,VU,NULL
201104,VU,NULL
201304,LC,NULL
201434,LC,NULL
201189,LC,NULL
201272,LC,NULL
201733,LC,NULL
201100,LC,NULL
201638,LC,NULL
201466,LC,NULL
201617,LC,NULL
201566,LC,NULL
201106,LC,NULL
201093,VU,NULL
201878,LC,NULL
201228,LC,NULL
201889,LC,NULL
201708,LC,NULL
201342,LC,NULL
201744,LC,NULL
201213,LC,NULL
201543,LC,NULL
201323,LC,NULL
201297,LC,NULL
201182,CR,NULL
202405,LC,NULL
204604,LC,NULL
203199,LC,NULL
203328,EN,NULL
203056,LC,NULL
204615,LC,NULL
202852,CR,NULL
204789,LC,NULL
203050,LC,NULL
203143,EN,NULL
203809,LC,NULL
202498,LC,NULL
203546,LC,NULL
204620,LC,NULL
204611,LC,NULL
202312,LC,NULL
203049,LC,NULL
202767,EN,NULL
203971,VU,NULL
204422,CR,NULL
204560,LC,NULL
204451,CR,NULL
204558,LC,NULL
203906,LC,NULL
203813,LC,NULL
204300,LC,NULL
203154,LC,NULL
203727,LC,NULL
202569,LC,NULL
203293,VU,NULL
204517,EN,NULL
203812,LC,NULL
203179,EN,NULL
203789,LC,NULL
204634,CR,NULL
203334,LC,NULL
202587,LC,NULL
204791,LC,NULL
204559,LC,NULL
203648,EN,NULL
204436,EN,NULL
202672,LC,NULL
202887,VU,NULL
203111,LC,NULL
202984,LC,NULL
203232,LC,NULL
203568,LC,NULL
203988,VU,NULL
203738,LC,NULL
204619,LC,NULL
204610,LC,NULL
203113,LC,NULL
204437,VU,NULL
202458,LC,NULL
202900,EW,NULL
204388,EN,NULL
203657,VU,NULL
204587,LC,NULL
203596,CR,NULL
202768,EN,NULL
203157,LC,NULL
203376,LC,NULL
202941,VU,NULL
203374,LC,NULL
204181,VU,NULL
204185,EN,NULL
204709,LC,NULL
202352,LC,NULL
203790,LC,NULL
204108,LC,NULL
203729,LC,NULL
203810,LC,NULL
202610,LC,NULL
202846,EN,NULL
204153,LC,NULL
202340,VU,NULL
203600,VU,NULL
203087,LC,NULL
203700,LC,NULL
202325,LC,NULL
204508,LC,NULL
203820,LC,NULL
202337,LC,NULL
204556,LC,NULL
204609,LC,NULL
203705,LC,NULL
203238,LC,NULL
203221,LC,NULL
204554,LC,NULL
203731,LC,NULL
203903,LC,NULL
203134,LC,NULL
202424,LC,NULL
203597,VU,NULL
203205,LC,NULL
203739,LC,NULL
202883,EN,NULL
204672,LC,NULL
203589,EN,NULL
204759,EN,NULL
202651,LC,NULL
204507,LC,NULL
202616,LC,NULL
204555,LC,NULL
203172,LC,NULL
204707,LC,NULL
204630,LC,NULL
203030,LC,NULL
203599,VU,NULL
203379,LC,NULL
204813,EN,NULL
204616,LC,NULL
203736,LC,NULL
203036,LC,NULL
203222,LC,NULL
202324,LC,NULL
203427,EN,NULL
204603,LC,NULL
204602,LC,NULL
202258,LC,NULL
203792,LC,NULL
202780,CR,NULL
203419,LC,NULL
202746,EN,NULL
203377,LC,NULL
204787,LC,NULL
203519,LC,NULL
203077,LC,NULL
202776,VU,NULL
203606,CR,NULL
204592,LC,NULL
204600,LC,NULL
203817,LC,NULL
203194,LC,NULL
202763,EN,NULL
203026,LC,NULL
203664,EN,NULL
202946,VU,NULL
202257,LC,NULL
204288,LC,NULL
204788,NT,NULL
202997,LC,NULL
204710,EW,NULL
202297,VU,NULL
203734,LC,NULL
204608,LC,NULL
204274,LC,NULL
202259,LC,NULL
311286,LC,NULL
311823,VU,NULL
205387,LC,NULL
205090,LC,NULL
311675,LC,NULL
205626,LC,NULL
310822,LC,NULL
311684,LC,NULL
311445,LC,NULL
311809,CR,NULL
311810,NT,NULL
311427,LC,NULL
310826,LC,NULL
310823,VU,NULL
311385,LC,NULL
311297,LC,NULL
311808,CR,NULL
311822,VU,NULL
311819,VU,NULL
311383,LC,NULL
310828,LC,NULL
205024,LC,NULL
311795,LC,NULL
311390,LC,NULL
311430,LC,NULL
205570,LC,NULL
311388,LC,NULL
311813,LC,NULL
311396,LC,NULL
311434,LC,NULL
311384,LC,NULL
205628,CR,NULL
205341,LC,NULL
311801,LC,NULL
205281,LC,NULL
311442,LC,NULL
311542,EN,NULL
311295,LC,NULL
311443,LC,NULL
311394,LC,NULL
310817,LC,NULL
311446,LC,NULL
311386,LC,NULL
311450,LC,NULL
311794,LC,NULL
310829,LC,NULL
205474,VU,NULL
311387,EN,NULL
311440,LC,NULL
311284,LC,NULL
205670,LC,NULL
311812,VU,NULL
311815,LC,NULL
311800,LC,NULL
205614,LC,NULL
311821,LC,NULL
311811,LC,NULL
311465,LC,NULL
312978,LC,NULL
205537,LC,NULL
311279,LC,NULL
311381,LC,NULL
311825,VU,NULL
311393,LC,NULL
311428,LC,NULL
310824,NT,NULL
311677,LC,NULL
311290,LC,NULL
311280,LC,NULL
205483,EN,NULL
311283,LC,NULL
312979,NT,NULL
310827,LC,NULL
311433,LC,NULL
311451,LC,NULL
311796,LC,NULL
311679,LC,NULL
205627,LC,NULL
311816,VU,NULL
311817,VU,NULL
311798,LC,NULL
311391,LC,NULL
310825,LC,NULL
311793,LC,NULL
311392,LC,NULL
310820,NT,NULL
205022,LC,NULL
311376,LC,NULL
310818,LC,NULL
311422,LC,NULL
311806,LC,NULL
311395,LC,NULL
311797,LC,NULL
311448,LC,NULL
311382,LC,NULL
310872,LC,NULL
311296,LC,NULL
312590,LC,NULL
205330,LC,NULL
310999,LC,NULL
205308,LC,NULL
311389,LC,NULL
311285,LC,NULL
314326,LC,NULL
314157,LC,NULL
314158,LC,NULL
313328,LC,NULL
314249,LC,NULL
314220,LC,NULL
314215,LC,NULL
314240,LC,NULL
313460,LC,NULL
314212,LC,NULL
314363,LC,NULL
314222,LC,NULL
313346,EN,NULL
313634,LC,NULL
314244,LC,NULL
313130,NT,NULL
313327,VU,NULL
313343,LC,NULL
314356,LC,NULL
314239,LC,NULL
313326,VU,NULL
314325,LC,NULL
314357,LC,NULL
314359,LC,NULL
314243,LC,NULL
314324,LC,NULL
313411,LC,NULL
314242,LC,NULL
315100,LC,NULL
315092,LC,NULL
315500,LC,NULL
314524,LC,NULL
314553,LC,NULL
315415,LC,NULL
315404,LC,NULL
314518,LC,NULL
315516,LC,NULL
315412,LC,NULL
315090,LC,NULL
314547,LC,NULL
315484,LC,NULL
315492,LC,NULL
315340,LC,NULL
315085,LC,NULL
315666,LC,NULL
315712,LC,NULL
315684,LC,NULL
315774,LC,NULL
315693,LC,NULL
315688,LC,NULL
315695,LC,NULL
315752,LC,NULL
315665,LC,NULL
315668,LC,NULL
315733,LC,NULL
315679,LC,NULL
315663,LC,NULL
315719,LC,NULL
315696,LC,NULL
315673,LC,NULL
315714,LC,NULL
315697,LC,NULL
315767,LC,NULL
315734,LC,NULL
315728,LC,NULL
315680,LC,NULL
315743,LC,NULL
315737,LC,NULL
315763,LC,NULL
315689,LC,NULL
315671,LC,NULL
315764,LC,NULL
315659,LC,NULL
315669,LC,NULL
315677,LC,NULL
315751,LC,NULL
315654,LC,NULL
315780,LC,NULL
315715,LC,NULL
315703,LC,NULL
315690,LC,NULL
315678,LC,NULL
315675,LC,NULL
315702,LC,NULL
315657,LC,NULL
315685,LC,NULL
315725,LC,NULL
315701,LC,NULL
315674,LC,NULL
315749,LC,NULL
315687,LC,NULL
315720,LC,NULL
315753,LC,NULL
315705,LC,NULL
315783,LC,NULL
315660,LC,NULL
315708,LC,NULL
315672,LC,NULL
315777,LC,NULL
315770,LC,NULL
315766,LC,NULL
315700,LC,NULL
315768,LC,NULL
315682,LC,NULL
315745,LC,NULL
315710,LC,NULL
315686,LC,NULL
315781,LC,NULL
315729,LC,NULL
315736,LC,NULL
315709,LC,NULL
315750,LC,NULL
315655,LC,NULL
315694,LC,NULL
315664,LC,NULL
315746,LC,NULL
315748,LC,NULL
315722,LC,NULL
315744,LC,NULL
315765,LC,NULL
315754,LC,NULL
315699,LC,NULL
315661,LC,NULL
315761,LC,NULL
315713,LC,NULL
315662,LC,NULL
315773,LC,NULL
315721,LC,NULL
315775,LC,NULL
315656,LC,NULL
315735,LC,NULL
315772,LC,NULL
315681,LC,NULL
315716,LC,NULL
315739,LC,NULL
315711,LC,NULL
315769,LC,NULL
315762,LC,NULL
315692,LC,NULL
315771,LC,NULL
315667,LC,NULL
315755,LC,NULL
315726,LC,NULL
315724,LC,NULL
315658,LC,NULL
315730,LC,NULL
315676,LC,NULL
348211,LC,NULL
348290,LC,NULL
380222,EN,NULL
348292,LC,NULL
380047,LC,NULL
380050,LC,NULL
380132,EN,NULL
348229,LC,NULL
380389,LC,NULL
380708,VU,NULL
380407,LC,NULL
380144,LC,NULL
380720,LC,NULL
348221,LC,NULL
380260,NT,NULL
380199,LC,NULL
380600,LC,NULL
348331,LC,NULL
348235,LC,NULL
380601,LC,NULL
380648,LC,NULL
380285,LC,NULL
380712,LC,NULL
348301,LC,NULL
380350,VU,NULL
380476,LC,NULL
348210,LC,NULL
380083,LC,NULL
380595,LC,NULL
380177,LC,NULL
380680,NT,NULL
348293,LC,NULL
380151,NT,NULL
380236,EN,NULL
380578,LC,NULL
380666,LC,NULL
380028,EN,NULL
380661,LC,NULL
380029,LC,NULL
380043,LC,NULL
380629,LC,NULL
348253,LC,NULL
380092,LC,NULL
380051,NT,NULL
380054,EN,NULL
380053,VU,NULL
348315,LC,NULL
380149,LC,NULL
380704,LC,NULL
380084,LC,NULL
348335,LC,NULL
380035,VU,NULL
380468,LC,NULL
380045,LC,NULL
380214,LC,NULL
348193,LC,NULL
348274,LC,NULL
380263,LC,NULL
348260,LC,NULL
380577,LC,NULL
380055,EN,NULL
348275,LC,NULL
348277,LC,NULL
349789,LC,NULL
380221,LC,NULL
347125,LC,NULL
349795,LC,NULL
380175,LC,NULL
380253,LC,NULL
380645,LC,NULL
348196,LC,NULL
380371,LC,NULL
380247,LC,NULL
380676,LC,NULL
380167,LC,NULL
380591,LC,NULL
380023,LC,NULL
348294,LC,NULL
380628,LC,NULL
380048,EN,NULL
380354,LC,NULL
348334,LC,NULL
348322,LC,NULL
380158,LC,NULL
348203,LC,NULL
380649,LC,NULL
380245,LC,NULL
348319,LC,NULL
380711,EN,NULL
380419,LC,NULL
380188,VU,NULL
380088,EN,NULL
380575,LC,NULL
380233,LC,NULL
380135,LC,NULL
380678,LC,NULL
380242,LC,NULL
380344,LC,NULL
380432,LC,NULL
380454,LC,NULL
380309,NT,NULL
380349,LC,NULL
380218,LC,NULL
380379,LC,NULL
380634,LC,NULL
380593,LC,NULL
380669,LC,NULL
348194,LC,NULL
348298,LC,NULL
380467,LC,NULL
348333,LC,NULL
380594,LC,NULL
380592,LC,NULL
348213,LC,NULL
380574,LC,NULL
380133,LC,NULL
380171,LC,NULL
380200,NT,NULL
348289,LC,NULL
348244,LC,NULL
348284,LC,NULL
380568,NT,NULL
380147,LC,NULL
380279,LC,NULL
380226,LC,NULL
348223,LC,NULL
380046,LC,NULL
380382,LC,NULL
380486,LC,NULL
380336,LC,NULL
380561,NT,NULL
380633,LC,NULL
348212,LC,NULL
349793,LC,NULL
380643,LC,NULL
348267,LC,NULL
380620,VU,NULL
380212,LC,NULL
380566,LC,NULL
348236,LC,NULL
380230,NT,NULL
348233,LC,NULL
348286,LC,NULL
380424,LC,NULL
380685,LC,NULL
348291,LC,NULL
380480,LC,NULL
380056,LC,NULL
380281,LC,NULL
348306,LC,NULL
380259,EN,NULL
380586,LC,NULL
380025,LC,NULL
348327,LC,NULL
380563,LC,NULL
348262,LC,NULL
380298,LC,NULL
380597,LC,NULL
348325,LC,NULL
380078,NT,NULL
380227,LC,NULL
348281,LC,NULL
380049,EN,NULL
348269,LC,NULL
348191,LC,NULL
380217,LC,NULL
380085,LC,NULL
380252,LC,NULL
380602,LC,NULL
380580,LC,NULL
380319,LC,NULL
380026,LC,NULL
348258,LC,NULL
380598,LC,NULL
348300,LC,NULL
380150,LC,NULL
380143,LC,NULL
348247,LC,NULL
380746,LC,NULL
380079,LC,NULL
380122,LC,NULL
380288,NT,NULL
380603,LC,NULL
380251,LC,NULL
380163,LC,NULL
380021,LC,NULL
380087,LC,NULL
380070,LC,NULL
380357,LC,NULL
380479,LC,NULL
380057,LC,NULL
348259,LC,NULL
380351,LC,NULL
380596,LC,NULL
380032,LC,NULL
380074,CR,NULL
380072,VU,NULL
380654,LC,NULL
380225,LC,NULL
380610,EN,NULL
380442,LC,NULL
380275,LC,NULL
348307,LC,NULL
380216,NT,NULL
348268,LC,NULL
380401,LC,NULL
380240,LC,NULL
348251,LC,NULL
380044,LC,NULL
380219,NT,NULL
380647,LC,NULL
380403,LC,NULL
380090,LC,NULL
380229,LC,NULL
380130,LC,NULL
348263,LC,NULL
380192,LC,NULL
348255,LC,NULL
380215,NT,NULL
348309,LC,NULL
380052,NT,NULL
380076,LC,NULL
348323,LC,NULL
380305,LC,NULL
348199,LC,NULL
380075,VU,NULL
380576,NT,NULL
380405,LC,NULL
380675,LC,NULL
380063,VU,NULL
348257,LC,NULL
380246,LC,NULL
380406,LC,NULL
380388,LC,NULL
380091,LC,NULL
348328,LC,NULL
380128,VU,NULL
380478,LC,NULL
380204,LC,NULL
380134,LC,NULL
348324,LC,NULL
349792,NT,NULL
380237,LC,NULL
348285,LC,NULL
348248,LC,NULL
348240,VU,NULL
348207,LC,NULL
348312,LC,NULL
380162,LC,NULL
380679,LC,NULL
380440,VU,NULL
380220,LC,NULL
381551,LC,NULL
381286,LC,NULL
381288,LC,NULL
381451,LC,NULL
381590,LC,NULL
381720,LC,NULL
381147,LC,NULL
381614,LC,NULL
381037,LC,NULL
381508,LC,NULL
381603,LC,NULL
381143,LC,NULL
381414,LC,NULL
380909,LC,NULL
381201,LC,NULL
381758,LC,NULL
380932,LC,NULL
381111,LC,NULL
380786,LC,NULL
381583,LC,NULL
381585,LC,NULL
381405,LC,NULL
381442,LC,NULL
381280,LC,NULL
380959,LC,NULL
381589,LC,NULL
381309,LC,NULL
381607,LC,NULL
381395,LC,NULL
381764,LC,NULL
381550,LC,NULL
381513,LC,NULL
380987,LC,NULL
381431,LC,NULL
381658,LC,NULL
381745,LC,NULL
381608,LC,NULL
381676,LC,NULL
380994,LC,NULL
381281,LC,NULL
381509,LC,NULL
381268,LC,NULL
381411,LC,NULL
381128,LC,NULL
381233,LC,NULL
381632,LC,NULL
381391,LC,NULL
380952,LC,NULL
381397,LC,NULL
380828,LC,NULL
381545,LC,NULL
380933,LC,NULL
381026,LC,NULL
381685,LC,NULL
381631,LC,NULL
380965,LC,NULL
381217,LC,NULL
380915,LC,NULL
381123,LC,NULL
381587,LC,NULL
381517,LC,NULL
381681,LC,NULL
381263,LC,NULL
380822,LC,NULL
380947,LC,NULL
381452,LC,NULL
381003,NT,NULL
380928,LC,NULL
381408,LC,NULL
381439,LC,NULL
381212,LC,NULL
381606,LC,NULL
381440,LC,NULL
380951,LC,NULL
381226,LC,NULL
381751,LC,NULL
381719,LC,NULL
381401,LC,NULL
381661,LC,NULL
380882,LC,NULL
381224,LC,NULL
381748,LC,NULL
381515,LC,NULL
381599,LC,NULL
381518,LC,NULL
380857,LC,NULL
381592,LC,NULL
380893,LC,NULL
381522,LC,NULL
381073,LC,NULL
380865,LC,NULL
381714,LC,NULL
381277,LC,NULL
381234,LC,NULL
381015,LC,NULL
381162,LC,NULL
381755,LC,NULL
381574,LC,NULL
381133,LC,NULL
381597,LC,NULL
381225,LC,NULL
381534,LC,NULL
380956,LC,NULL
381768,LC,NULL
381210,LC,NULL
380962,LC,NULL
381454,LC,NULL
381447,LC,NULL
381429,LC,NULL
381591,LC,NULL
381403,LC,NULL
381396,LC,NULL
380819,LC,NULL
381772,LC,NULL
380854,LC,NULL
380919,LC,NULL
381519,LC,NULL
380953,LC,NULL
381593,LC,NULL
381531,LC,NULL
381012,LC,NULL
381406,LC,NULL
381127,LC,NULL
381413,LC,NULL
381310,LC,NULL
380924,LC,NULL
381560,LC,NULL
381684,LC,NULL
381611,LC,NULL
381752,LC,NULL
381006,LC,NULL
381724,LC,NULL
381209,LC,NULL
381421,LC,NULL
381671,LC,NULL
381626,LC,NULL
380852,LC,NULL
381290,LC,NULL
381663,LC,NULL
381284,LC,NULL
381101,LC,NULL
380941,LC,NULL
381266,LC,NULL
381640,LC,NULL
381262,LC,NULL
381529,LC,NULL
381113,LC,NULL
381091,LC,NULL
381779,LC,NULL
381398,LC,NULL
381598,NT,NULL
381581,LC,NULL
381424,LC,NULL
381600,LC,NULL
381410,LC,NULL
381770,LC,NULL
381115,LC,NULL
381363,LC,NULL
381729,LC,NULL
380851,LC,NULL
381740,LC,NULL
381034,LC,NULL
381636,LC,NULL
381181,LC,NULL
381149,LC,NULL
381674,LC,NULL
381571,LC,NULL
380927,LC,NULL
380939,LC,NULL
381580,LC,NULL
380982,LC,NULL
381441,LC,NULL
381270,LC,NULL
381292,LC,NULL
380925,LC,NULL
381773,LC,NULL
380993,VU,NULL
381425,LC,NULL
380917,LC,NULL
380922,LC,NULL
381554,LC,NULL
381420,LC,NULL
381596,LC,NULL
381291,LC,NULL
380936,LC,NULL
381434,LC,NULL
380916,LC,NULL
381557,LC,NULL
380988,LC,NULL
381187,LC,NULL
381173,LC,NULL
381409,LC,NULL
380935,LC,NULL
381588,LC,NULL
381417,LC,NULL
381617,LC,NULL
381577,LC,NULL
381629,LC,NULL
381536,LC,NULL
381445,LC,NULL
381033,LC,NULL
381124,LC,NULL
381109,LC,NULL
381572,LC,NULL
381308,LC,NULL
380985,LC,NULL
381549,LC,NULL
380880,LC,NULL
381426,LC,NULL
380948,LC,NULL
381650,LC,NULL
380908,LC,NULL
381430,LC,NULL
381634,LC,NULL
380911,LC,NULL
381633,LC,NULL
380912,LC,NULL
381438,LC,NULL
381760,LC,NULL
381289,LC,NULL
381609,LC,NULL
381578,LC,NULL
381282,LC,NULL
381544,LC,NULL
381456,LC,NULL
381635,LC,NULL
380986,LC,NULL
381630,LC,NULL
381427,LC,NULL
381543,LC,NULL
381662,LC,NULL
381295,LC,NULL
381527,LC,NULL
381514,LC,NULL
381506,LC,NULL
380843,LC,NULL
381294,LC,NULL
381526,LC,NULL
381179,LC,NULL
381094,LC,NULL
381605,LC,NULL
381132,LC,NULL
380921,LC,NULL
381122,LC,NULL
381637,LC,NULL
380938,LC,NULL
380949,LC,NULL
381207,LC,NULL
381267,LC,NULL
380910,LC,NULL
381553,LC,NULL
380855,LC,NULL
381278,LC,NULL
381264,LC,NULL
381214,LC,NULL
381648,LC,NULL
381260,LC,NULL
380859,LC,NULL
381100,LC,NULL
380787,LC,NULL
381757,LC,NULL
380955,LC,NULL
381516,LC,NULL
381261,LC,NULL
381021,LC,NULL
380979,LC,NULL
381672,LC,NULL
381654,LC,NULL
381756,LC,NULL
381686,LC,NULL
380844,LC,NULL
381541,LC,NULL
381530,LC,NULL
380847,LC,NULL
381743,LC,NULL
381693,LC,NULL
381422,LC,NULL
381415,LC,NULL
381192,LC,NULL
381412,LC,NULL
381110,LC,NULL
380992,VU,NULL
381134,LC,NULL
381274,LC,NULL
381713,LC,NULL
381622,LC,NULL
381265,LC,NULL
380972,LC,NULL
381199,LC,NULL
381582,LC,NULL
381276,LC,NULL
381460,LC,NULL
381521,LC,NULL
381095,LC,NULL
381306,LC,NULL
381638,LC,NULL
381570,LC,NULL
381105,LC,NULL
381029,EN,NULL
381523,LC,NULL
381728,LC,NULL
380995,LC,NULL
381213,LC,NULL
381271,LC,NULL
380818,LC,NULL
381679,LC,NULL
381765,LC,NULL
380950,LC,NULL
381116,LC,NULL
381275,LC,NULL
381273,LC,NULL
381647,LC,NULL
381710,LC,NULL
381432,LC,NULL
381215,LC,NULL
381682,LC,NULL
381191,LC,NULL
380842,LC,NULL
381279,LC,NULL
381360,LC,NULL
381694,LC,NULL
381114,LC,NULL
381444,LC,NULL
381656,LC,NULL
381754,LC,NULL
381746,LC,NULL
381537,LC,NULL
381182,LC,NULL
381657,LC,NULL
381618,LC,NULL
381161,LC,NULL
380781,LC,NULL
380968,LC,NULL
381610,LC,NULL
381428,LC,NULL
380845,LC,NULL
381221,LC,NULL
381272,LC,NULL
381540,LC,NULL
380975,LC,NULL
380856,LC,NULL
381194,LC,NULL
381418,LC,NULL
381602,LC,NULL
380835,LC,NULL
381528,LC,NULL
381511,LC,NULL
380808,LC,NULL
380817,LC,NULL
380870,LC,NULL
381222,LC,NULL
381601,LC,NULL
381623,NT,NULL
381285,LC,NULL
381556,LC,NULL
381645,LC,NULL
381400,LC,NULL
381097,LC,NULL
381175,LC,NULL
381573,LC,NULL
381436,LC,NULL
381507,LC,NULL
381639,LC,NULL
381731,LC,NULL
380810,LC,NULL
380937,LC,NULL
381204,LC,NULL
380920,LC,NULL
381399,LC,NULL
381283,LC,NULL
380918,LC,NULL
381579,LC,NULL
381520,LC,NULL
381402,LC,NULL
381708,LC,NULL
381627,LC,NULL
381450,LC,NULL
381449,LC,NULL
380836,LC,NULL
381548,LC,NULL
381125,LC,NULL
381777,LC,NULL
381646,LC,NULL
381146,LC,NULL
381716,LC,NULL
380931,LC,NULL
381446,LC,NULL
381112,LC,NULL
381612,LC,NULL
380970,LC,NULL
381524,LC,NULL
381013,NT,NULL
381419,LC,NULL
381505,LC,NULL
380980,LC,NULL
381443,LC,NULL
381269,LC,NULL
381539,LC,NULL
381229,LC,NULL
381533,LC,NULL
380974,LC,NULL
381218,LC,NULL
381093,LC,NULL
381538,LC,NULL
380958,LC,NULL
381767,LC,NULL
381195,LC,NULL
380848,LC,NULL
381008,LC,NULL
381096,LC,NULL
381584,LC,NULL
380907,LC,NULL
381433,LC,NULL
381437,LC,NULL
381453,LC,NULL
381435,LC,NULL
381678,LC,NULL
381761,LC,NULL
381649,LC,NULL
381575,LC,NULL
381692,LC,NULL
380904,LC,NULL
380846,LC,NULL
380883,LC,NULL
380954,LC,NULL
381558,LC,NULL
381404,LC,NULL
380929,LC,NULL
381613,LC,NULL
381717,LC,NULL
380989,LC,NULL
381104,LC,NULL
381407,LC,NULL
381547,LC,NULL
381023,LC,NULL
381644,LC,NULL
381303,LC,NULL
381108,LC,NULL
381220,LC,NULL
381148,LC,NULL
380930,LC,NULL
381604,LC,NULL
381103,LC,NULL
380961,LC,NULL
381208,LC,NULL
381595,LC,NULL
381153,LC,NULL
381130,LC,NULL
381546,LC,NULL
381455,LC,NULL
380934,LC,NULL
381655,LC,NULL
381928,LC,NULL
382543,VU,NULL
381870,LC,NULL
382175,LC,NULL
381922,LC,NULL
381825,LC,NULL
382310,LC,NULL
382167,LC,NULL
381953,LC,NULL
382448,LC,NULL
382414,LC,NULL
382500,NT,NULL
381991,LC,NULL
382631,LC,NULL
381921,LC,NULL
382007,LC,NULL
382308,LC,NULL
382659,LC,NULL
381926,LC,NULL
382588,VU,NULL
382628,LC,NULL
381940,LC,NULL
382099,LC,NULL
382662,LC,NULL
382602,LC,NULL
381968,LC,NULL
382415,LC,NULL
382081,LC,NULL
381799,LC,NULL
382173,LC,NULL
382171,LC,NULL
382407,LC,NULL
382431,LC,NULL
382502,VU,NULL
381907,LC,NULL
382039,LC,NULL
382201,LC,NULL
382509,LC,NULL
382501,NT,NULL
382457,LC,NULL
382669,LC,NULL
382598,LC,NULL
382162,LC,NULL
382551,LC,NULL
382316,VU,NULL
382176,LC,NULL
382079,LC,NULL
382262,LC,NULL
382297,LC,NULL
382711,LC,NULL
382037,LC,NULL
382699,LC,NULL
382202,LC,NULL
382109,LC,NULL
382452,LC,NULL
382430,LC,NULL
381923,LC,NULL
382525,LC,NULL
382645,LC,NULL
382520,LC,NULL
382012,LC,NULL
381980,LC,NULL
382444,LC,NULL
382314,LC,NULL
381976,LC,NULL
381966,LC,NULL
381914,LC,NULL
381993,LC,NULL
381878,LC,NULL
382660,LC,NULL
382666,LC,NULL
381962,LC,NULL
382619,LC,NULL
382230,LC,NULL
382798,LC,NULL
382532,VU,NULL
382423,LC,NULL
381974,LC,NULL
381915,LC,NULL
382002,LC,NULL
382449,LC,NULL
382516,LC,NULL
382334,LC,NULL
382542,LC,NULL
382158,LC,NULL
382331,LC,NULL
381883,LC,NULL
382212,LC,NULL
382199,LC,NULL
382200,LC,NULL
381935,LC,NULL
382166,LC,NULL
382163,LC,NULL
382122,LC,NULL
381945,LC,NULL
382011,LC,NULL
381994,LC,NULL
382656,LC,NULL
382438,NT,NULL
382697,LC,NULL
382709,LC,NULL
382285,LC,NULL
382447,LC,NULL
382535,NT,NULL
382215,LC,NULL
382027,LC,NULL
382024,LC,NULL
381874,LC,NULL
382683,LC,NULL
382507,LC,NULL
381818,LC,NULL
382517,LC,NULL
381972,LC,NULL
382036,LC,NULL
382601,LC,NULL
382436,LC,NULL
382080,LC,NULL
382359,LC,NULL
382028,LC,NULL
382560,LC,NULL
382571,LC,NULL
381918,LC,NULL
382450,LC,NULL
382204,LC,NULL
382298,LC,NULL
382083,LC,NULL
382035,LC,NULL
381961,LC,NULL
381975,LC,NULL
382164,LC,NULL
382432,LC,NULL
382293,LC,NULL
382638,LC,NULL
381959,LC,NULL
382082,LC,NULL
382043,LC,NULL
382067,LC,NULL
382686,LC,NULL
382494,LC,NULL
382137,LC,NULL
382569,LC,NULL
382703,LC,NULL
382044,LC,NULL
382513,LC,NULL
382077,LC,NULL
382073,LC,NULL
382143,LC,NULL
382530,NT,NULL
382117,LC,NULL
382130,LC,NULL
381982,LC,NULL
382134,LC,NULL
382068,LC,NULL
382015,LC,NULL
381814,LC,NULL
381829,LC,NULL
382070,LC,NULL
382121,LC,NULL
382087,LC,NULL
382126,LC,NULL
382546,NT,NULL
381805,LC,NULL
381927,LC,NULL
382510,LC,NULL
382132,LC,NULL
382309,LC,NULL
382026,LC,NULL
381938,LC,NULL
382441,LC,NULL
382612,LC,NULL
382567,LC,NULL
382508,LC,NULL
382611,LC,NULL
381960,LC,NULL
382492,LC,NULL
382607,LC,NULL
381942,LC,NULL
382635,LC,NULL
382613,LC,NULL
381970,LC,NULL
382198,LC,NULL
382484,LC,NULL
382622,LC,NULL
382463,LC,NULL
382657,LC,NULL
382016,LC,NULL
382455,LC,NULL
382106,LC,NULL
381992,LC,NULL
382029,LC,NULL
382693,LC,NULL
382123,LC,NULL
382056,LC,NULL
382440,LC,NULL
382032,LC,NULL
382197,LC,NULL
382048,LC,NULL
382691,NT,NULL
382072,LC,NULL
381969,LC,NULL
382788,CR,NULL
382521,LC,NULL
382670,LC,NULL
382119,LC,NULL
382329,LC,NULL
382303,LC,NULL
381979,LC,NULL
382493,LC,NULL
382295,LC,NULL
382086,LC,NULL
382100,LC,NULL
382172,LC,NULL
382559,LC,NULL
382094,LC,NULL
381782,LC,NULL
381817,LC,NULL
382643,LC,NULL
382091,LC,NULL
381861,LC,NULL
382084,LC,NULL
382283,LC,NULL
382031,LC,NULL
382211,LC,NULL
382069,LC,NULL
382672,LC,NULL
381939,LC,NULL
382319,LC,NULL
382682,LC,NULL
382280,LC,NULL
382453,LC,NULL
382140,LC,NULL
381868,LC,NULL
382418,LC,NULL
382497,LC,NULL
382582,LC,NULL
382573,LC,NULL
382290,LC,NULL
382800,LC,NULL
382294,LC,NULL
382696,LC,NULL
382770,LC,NULL
381931,LC,NULL
382192,VU,NULL
382306,LC,NULL
382668,LC,NULL
381965,LC,NULL
382108,LC,NULL
382188,LC,NULL
382066,LC,NULL
382019,LC,NULL
382311,LC,NULL
382442,LC,NULL
382089,LC,NULL
382042,LC,NULL
382045,LC,NULL
382642,LC,NULL
382287,LC,NULL
381998,LC,NULL
381952,LC,NULL
381831,LC,NULL
382006,LC,NULL
381913,LC,NULL
381978,LC,NULL
382085,LC,NULL
382451,NT,NULL
382700,LC,NULL
382720,LC,NULL
382446,LC,NULL
382587,LC,NULL
382187,LC,NULL
382301,LC,NULL
382518,LC,NULL
382102,LC,NULL
382313,LC,NULL
382687,LC,NULL
381963,LC,NULL
382038,LC,NULL
382673,LC,NULL
381957,LC,NULL
382286,LC,NULL
381947,LC,NULL
382589,NT,NULL
382142,LC,NULL
382205,LC,NULL
382460,LC,NULL
381990,LC,NULL
381925,LC,NULL
382591,LC,NULL
382116,LC,NULL
382251,LC,NULL
381866,LC,NULL
382157,LC,NULL
382671,LC,NULL
381956,LC,NULL
382125,LC,NULL
381798,LC,NULL
382791,LC,NULL
382495,NT,NULL
382023,LC,NULL
382305,LC,NULL
382549,LC,NULL
382526,EN,NULL
382118,LC,NULL
382005,LC,NULL
381908,LC,NULL
382419,LC,NULL
382552,LC,NULL
382590,LC,NULL
382599,LC,NULL
382799,LC,NULL
382411,LC,NULL
382321,LC,NULL
382223,LC,NULL
382664,LC,NULL
382289,LC,NULL
382291,LC,NULL
382439,LC,NULL
382041,LC,NULL
382075,LC,NULL
381807,LC,NULL
382616,LC,NULL
382778,LC,NULL
382000,LC,NULL
382427,LC,NULL
382519,LC,NULL
382514,LC,NULL
382275,LC,NULL
381987,LC,NULL
381981,LC,NULL
382183,LC,NULL
382676,LC,NULL
381988,LC,NULL
381881,LC,NULL
382597,LC,NULL
382021,LC,NULL
382010,LC,NULL
382533,LC,NULL
381826,LC,NULL
382159,LC,NULL
382618,LC,NULL
382524,VU,NULL
382088,LC,NULL
382170,LC,NULL
382009,LC,NULL
382615,LC,NULL
382797,LC,NULL
381871,LC,NULL
381973,LC,NULL
381885,LC,NULL
382093,LC,NULL
382190,LC,NULL
382206,LC,NULL
382184,LC,NULL
382304,LC,NULL
381985,LC,NULL
382296,LC,NULL
382458,LC,NULL
382579,LC,NULL
382620,LC,NULL
382090,LC,NULL
382779,LC,NULL
382322,LC,NULL
382614,LC,NULL
382695,LC,NULL
382678,LC,NULL
382461,LC,NULL
382637,LC,NULL
381948,LC,NULL
382689,VU,NULL
382781,LC,NULL
382139,LC,NULL
382040,LC,NULL
381943,LC,NULL
382554,LC,NULL
382580,LC,NULL
382003,LC,NULL
382410,LC,NULL
382307,LC,NULL
382593,LC,NULL
382096,LC,NULL
382025,LC,NULL
381999,LC,NULL
382095,LC,NULL
382018,LC,NULL
382577,LC,NULL
382114,LC,NULL
382592,LC,NULL
382300,LC,NULL
382065,LC,NULL
381853,LC,NULL
381909,LC,NULL
382434,VU,NULL
382034,LC,NULL
381905,LC,NULL
382581,LC,NULL
381919,LC,NULL
382312,LC,NULL
382596,LC,NULL
382503,VU,NULL
382777,LC,NULL
382131,LC,NULL
382583,LC,NULL
382074,LC,NULL
382022,LC,NULL
381852,LC,NULL
382127,LC,NULL
382555,LC,NULL
382462,LC,NULL
382076,LC,NULL
382317,LC,NULL
382603,LC,NULL
382104,LC,NULL
382692,LC,NULL
382147,LC,NULL
381839,LC,NULL
382456,LC,NULL
382545,LC,NULL
382413,LC,NULL
382054,LC,NULL
381949,NT,NULL
381958,LC,NULL
382702,LC,NULL
381933,LC,NULL
382182,LC,NULL
381986,LC,NULL
382152,LC,NULL
382641,EN,NULL
382489,LC,NULL
382443,LC,NULL
382179,LC,NULL
382110,LC,NULL
382636,VU,NULL
382210,LC,NULL
382437,LC,NULL
382563,LC,NULL
382528,LC,NULL
381937,LC,NULL
382562,LC,NULL
382281,LC,NULL
382097,LC,NULL
382677,LC,NULL
382111,LC,NULL
381984,LC,NULL
382165,LC,NULL
382133,LC,NULL
381924,LC,NULL
382665,LC,NULL
382445,LC,NULL
382796,LC,NULL
382059,LC,NULL
382284,LC,NULL
381983,LC,NULL
381835,LC,NULL
381995,LC,NULL
381930,LC,NULL
382135,LC,NULL
382138,LC,NULL
382572,LC,NULL
382600,LC,NULL
382557,LC,NULL
381932,LC,NULL
382617,LC,NULL
382279,LC,NULL
382408,VU,NULL
382302,LC,NULL
381896,LC,NULL
382128,LC,NULL
382292,LC,NULL
381917,LC,NULL
382336,LC,NULL
382282,LC,NULL
382568,LC,NULL
382416,LC,NULL
382537,LC,NULL
381854,LC,NULL
382640,LC,NULL
382299,LC,NULL
382558,LC,NULL
382049,LC,NULL
382698,LC,NULL
382193,LC,NULL
382161,LC,NULL
382488,LC,NULL
382136,LC,NULL
382506,LC,NULL
382540,LC,NULL
382153,LC,NULL
382333,LC,NULL
382063,LC,NULL
381920,LC,NULL
382155,LC,NULL
382511,LC,NULL
382459,LC,NULL
382487,LC,NULL
382428,LC,NULL
382092,LC,NULL
382315,LC,NULL
382177,LC,NULL
381806,LC,NULL
382609,LC,NULL
382425,LC,NULL
382548,LC,NULL
382156,LC,NULL
382004,LC,NULL
382327,LC,NULL
382553,NT,NULL
382323,LC,NULL
382534,LC,NULL
382033,LC,NULL
382675,LC,NULL
382203,LC,NULL
382694,LC,NULL
382541,NT,NULL
381971,LC,NULL
382107,LC,NULL
381964,LC,NULL
382326,LC,NULL
382435,LC,NULL
382610,LC,NULL
382030,LC,NULL
381997,LC,NULL
382078,LC,NULL
381903,LC,NULL
381954,LC,NULL
383439,LC,NULL
383028,LC,NULL
383641,LC,NULL
382998,LC,NULL
383519,LC,NULL
382815,LC,NULL
395365,LC,NULL
382831,LC,NULL
383117,NT,NULL
383074,NT,NULL
383376,LC,NULL
383494,LC,NULL
383504,LC,NULL
383047,LC,NULL
383512,LC,NULL
383031,LC,NULL
383372,LC,NULL
395383,LC,NULL
383034,LC,NULL
383192,NT,NULL
382880,LC,NULL
383194,VU,NULL
383577,LC,NULL
395366,LC,NULL
382882,LC,NULL
382855,LC,NULL
383543,LC,NULL
383352,LC,NULL
395306,LC,NULL
382878,LC,NULL
383468,LC,NULL
395337,LC,NULL
383571,LC,NULL
383100,LC,NULL
383291,LC,NULL
383001,LC,NULL
383584,LC,NULL
383505,LC,NULL
383022,LC,NULL
382990,LC,NULL
383569,LC,NULL
382954,LC,NULL
383092,VU,NULL
382947,LC,NULL
382976,LC,NULL
383226,NT,NULL
395392,LC,NULL
382979,LC,NULL
383205,LC,NULL
383477,LC,NULL
382973,LC,NULL
382939,LC,NULL
383093,VU,NULL
383410,VU,NULL
383130,VU,NULL
383224,VU,NULL
383538,LC,NULL
383610,LC,NULL
383162,EN,NULL
383014,LC,NULL
383033,LC,NULL
383016,LC,NULL
383311,LC,NULL
383200,VU,NULL
383392,LC,NULL
395369,LC,NULL
383567,LC,NULL
382956,LC,NULL
382875,LC,NULL
382924,LC,NULL
383080,NT,NULL
382822,LC,NULL
383025,LC,NULL
383062,LC,NULL
382857,LC,NULL
383456,LC,NULL
383351,LC,NULL
382885,LC,NULL
383587,LC,NULL
382874,LC,NULL
395224,LC,NULL
382896,LC,NULL
383487,LC,NULL
383379,LC,NULL
383464,VU,NULL
383579,LC,NULL
383045,NT,NULL
383614,LC,NULL
383058,LC,NULL
383128,VU,NULL
383197,NT,NULL
383085,NT,NULL
383526,LC,NULL
383457,LC,NULL
395398,LC,NULL
395300,LC,NULL
382884,LC,NULL
382846,LC,NULL
383073,NT,NULL
383213,LC,NULL
383559,LC,NULL
383367,LC,NULL
383097,LC,NULL
382953,LC,NULL
382867,LC,NULL
383059,LC,NULL
382834,LC,NULL
383101,NT,NULL
382992,LC,NULL
383447,LC,NULL
382997,LC,NULL
382987,LC,NULL
395371,LC,NULL
382841,LC,NULL
395375,LC,NULL
395266,LC,NULL
383646,LC,NULL
383113,LC,NULL
395376,LC,NULL
383374,LC,NULL
383043,LC,NULL
383116,LC,NULL
383021,LC,NULL
383078,VU,NULL
383624,LC,NULL
382996,LC,NULL
382862,LC,NULL
383233,LC,NULL
383404,LC,NULL
382821,LC,NULL
395345,LC,NULL
383523,LC,NULL
395361,LC,NULL
383081,NT,NULL
383176,LC,NULL
383098,LC,NULL
383395,LC,NULL
383239,LC,NULL
382876,LC,NULL
382907,LC,NULL
383087,NT,NULL
395374,LC,NULL
395363,LC,NULL
382980,LC,NULL
383396,LC,NULL
383572,LC,NULL
383565,LC,NULL
383222,EN,NULL
383127,VU,NULL
383223,VU,NULL
383502,LC,NULL
383023,LC,NULL
383441,LC,NULL
382883,LC,NULL
395368,LC,NULL
383635,LC,NULL
383455,LC,NULL
382889,LC,NULL
383263,LC,NULL
382873,LC,NULL
383339,LC,NULL
383655,LC,NULL
383636,LC,NULL
383066,VU,NULL
382932,LC,NULL
383191,VU,NULL
383035,LC,NULL
395260,LC,NULL
383650,LC,NULL
383290,LC,NULL
383133,NT,NULL
395389,LC,NULL
395399,LC,NULL
382877,LC,NULL
382958,LC,NULL
382856,LC,NULL
383027,LC,NULL
395356,LC,NULL
383515,LC,NULL
383015,LC,NULL
383536,LC,NULL
383576,LC,NULL
382957,LC,NULL
383309,LC,NULL
383129,NT,NULL
383203,VU,NULL
395240,LC,NULL
395273,LC,NULL
383360,LC,NULL
383615,LC,NULL
382986,LC,NULL
383289,LC,NULL
383020,LC,NULL
382937,LC,NULL
382816,LC,NULL
395231,LC,NULL
383586,LC,NULL
383118,NT,NULL
382978,LC,NULL
383490,LC,NULL
383029,LC,NULL
382811,LC,NULL
383432,LC,NULL
395315,LC,NULL
383083,LC,NULL
383566,LC,NULL
383084,VU,NULL
395394,LC,NULL
383548,LC,NULL
383115,LC,NULL
382865,LC,NULL
383516,LC,NULL
382949,LC,NULL
383042,NT,NULL
382830,LC,NULL
383539,LC,NULL
383596,LC,NULL
383406,LC,NULL
383368,LC,NULL
395396,LC,NULL
383215,LC,NULL
383337,LC,NULL
383110,LC,NULL
383467,LC,NULL
383533,LC,NULL
383509,LC,NULL
383527,LC,NULL
385005,LC,NULL
383229,VU,NULL
395362,LC,NULL
383315,LC,NULL
382927,LC,NULL
382950,LC,NULL
395367,LC,NULL
382938,LC,NULL
395328,LC,NULL
383079,VU,NULL
382985,LC,NULL
383207,NT,NULL
383591,LC,NULL
382983,VU,NULL
383287,LC,NULL
395349,LC,NULL
383294,LC,NULL
383103,LC,NULL
382929,LC,NULL
382879,LC,NULL
395350,LC,NULL
383620,LC,NULL
383189,VU,NULL
382982,LC,NULL
383126,VU,NULL
395354,LC,NULL
383041,LC,NULL
395347,LC,NULL
395372,LC,NULL
383643,LC,NULL
395370,LC,NULL
383409,LC,NULL
383513,LC,NULL
383450,LC,NULL
383114,LC,NULL
382806,LC,NULL
383420,LC,NULL
383521,LC,NULL
383258,LC,NULL
383056,LC,NULL
382848,LC,NULL
395304,LC,NULL
382863,LC,NULL
382868,LC,NULL
383380,LC,NULL
382805,LC,NULL
383106,LC,NULL
383520,LC,NULL
383240,LC,NULL
395364,LC,NULL
383628,LC,NULL
383070,NT,NULL
383522,LC,NULL
382810,LC,NULL
382911,LC,NULL
383598,LC,NULL
383338,LC,NULL
383017,LC,NULL
383555,LC,NULL
382809,LC,NULL
382899,LC,NULL
382888,LC,NULL
382921,LC,NULL
383153,VU,NULL
383046,NT,NULL
383466,LC,NULL
383040,LC,NULL
383077,NT,NULL
383216,NT,NULL
382833,LC,NULL
395230,VU,NULL
383342,LC,NULL
395330,VU,NULL
383272,LC,NULL
395329,LC,NULL
382984,LC,NULL
383411,LC,NULL
383562,LC,NULL
383369,LC,NULL
383592,LC,NULL
383095,LC,NULL
383186,LC,NULL
383344,LC,NULL
383138,EN,NULL
383235,LC,NULL
383391,LC,NULL
395341,LC,NULL
383237,LC,NULL
383243,LC,NULL
383578,LC,NULL
383024,LC,NULL
383260,LC,NULL
383152,VU,NULL
383036,LC,NULL
383030,LC,NULL
382812,LC,NULL
382963,LC,NULL
383310,LC,NULL
382994,LC,NULL
383048,LC,NULL
383018,LC,NULL
383542,LC,NULL
382869,LC,NULL
383069,NT,NULL
383274,LC,NULL
383408,LC,NULL
382824,LC,NULL
383076,NT,NULL
383267,LC,NULL
383225,VU,NULL
383431,LC,NULL
383383,LC,NULL
395393,LC,NULL
382993,VU,NULL
383170,VU,NULL
383349,LC,NULL
382926,LC,NULL
382866,LC,NULL
383528,LC,NULL
383594,LC,NULL
383068,NT,NULL
382861,LC,NULL
383329,LC,NULL
383554,LC,NULL
395395,LC,NULL
383262,LC,NULL
382948,LC,NULL
383132,NT,NULL
383336,LC,NULL
383491,LC,NULL
383364,LC,NULL
383283,LC,NULL
395385,LC,NULL
395291,LC,NULL
383563,LC,NULL
383037,LC,NULL
383426,LC,NULL
382823,LC,NULL
383634,LC,NULL
395316,LC,NULL
383227,LC,NULL
383026,LC,NULL
382886,LC,NULL
383044,LC,NULL
383157,LC,NULL
383019,LC,NULL
383508,LC,NULL
382935,LC,NULL
383164,VU,NULL
383163,EN,NULL
383161,EN,NULL
383171,VU,NULL
395340,LC,NULL
383501,LC,NULL
382829,LC,NULL
382850,LC,NULL
383561,LC,NULL
382989,LC,NULL
395390,LC,NULL
382940,LC,NULL
395232,LC,NULL
383086,LC,NULL
383619,LC,NULL
383175,VU,NULL
383525,LC,NULL
395318,LC,NULL
383177,LC,NULL
383107,LC,NULL
382931,LC,NULL
382858,LC,NULL
383568,LC,NULL
383537,LC,NULL
383582,LC,NULL
383160,NT,NULL
395333,LC,NULL
383091,NT,NULL
383269,LC,NULL
382859,LC,NULL
382988,LC,NULL
383631,LC,NULL
383549,LC,NULL
400976,LC,NULL
404613,LC,NULL
404558,LC,NULL
404639,LC,NULL
404620,LC,NULL
395452,LC,NULL
400989,LC,NULL
400997,LC,NULL
400986,LC,NULL
404633,LC,NULL
404599,VU,NULL
402985,EN,NULL
395406,LC,NULL
402991,LC,NULL
404668,LC,NULL
400993,LC,NULL
400984,LC,NULL
395635,LC,NULL
395430,LC,NULL
395501,LC,NULL
401939,LC,NULL
400987,LC,NULL
404626,NT,NULL
404667,LC,NULL
402658,LC,NULL
395479,LC,NULL
395477,NT,NULL
400232,LC,NULL
395506,LC,NULL
404536,VU,NULL
395639,VU,NULL
404614,LC,NULL
404545,LC,NULL
400980,LC,NULL
395482,VU,NULL
402993,LC,NULL
402984,LC,NULL
400030,LC,NULL
404538,LC,NULL
395658,VU,NULL
400926,LC,NULL
395580,LC,NULL
395527,LC,NULL
402653,LC,NULL
395542,LC,NULL
404625,LC,NULL
400836,LC,NULL
400974,LC,NULL
395445,LC,NULL
404645,LC,NULL
402980,LC,NULL
400991,LC,NULL
400967,CR,NULL
402654,LC,NULL
404540,LC,NULL
404577,LC,NULL
395476,LC,NULL
395536,LC,NULL
404535,LC,NULL
395414,LC,NULL
395420,LC,NULL
404596,LC,NULL
404632,NT,NULL
404634,VU,NULL
404850,LC,NULL
404611,LC,NULL
400886,LC,NULL
395489,NT,NULL
404636,LC,NULL
402983,LC,NULL
395644,NT,NULL
395455,LC,NULL
400983,LC,NULL
402989,LC,NULL
400975,LC,NULL
395408,LC,NULL
395421,LC,NULL
400935,LC,NULL
404640,LC,NULL
395502,LC,NULL
404539,EN,NULL
404637,LC,NULL
395491,NT,NULL
395538,LC,NULL
395659,LC,NULL
395533,LC,NULL
400995,LC,NULL
404566,LC,NULL
395532,LC,NULL
402826,LC,NULL
404580,LC,NULL
404655,LC,NULL
400977,LC,NULL
395618,LC,NULL
395484,NT,NULL
404662,LC,NULL
395434,LC,NULL
404647,LC,NULL
395485,LC,NULL
404629,LC,NULL
395634,LC,NULL
402987,LC,NULL
395526,LC,NULL
395650,LC,NULL
400992,LC,NULL
401136,LC,NULL
395460,LC,NULL
395656,LC,NULL
395633,LC,NULL
404608,LC,NULL
395640,NT,NULL
395504,LC,NULL
395568,VU,NULL
400979,LC,NULL
404673,LC,NULL
395552,LC,NULL
402986,LC,NULL
395531,LC,NULL
404612,LC,NULL
400870,LC,NULL
404557,LC,NULL
395535,LC,NULL
400988,LC,NULL
395571,LC,NULL
395529,LC,NULL
401685,LC,NULL
395525,VU,NULL
395457,LC,NULL
395651,VU,NULL
404582,LC,NULL
404631,NT,NULL
402981,LC,NULL
400981,LC,NULL
395503,LC,NULL
402979,LC,NULL
402982,LC,NULL
404581,VU,NULL
395621,LC,NULL
404543,LC,NULL
404714,LC,NULL
395481,LC,NULL
417662,LC,NULL
419653,LC,NULL
419644,LC,NULL
405315,LC,NULL
419986,LC,NULL
419709,VU,NULL
417816,LC,NULL
419645,LC,NULL
416053,LC,NULL
421137,LC,NULL
405182,LC,NULL
416054,LC,NULL
419632,NT,NULL
419666,LC,NULL
418290,LC,NULL
419702,LC,NULL
419844,LC,NULL
419619,LC,NULL
418116,LC,NULL
418355,LC,NULL
420935,LC,NULL
416343,VU,NULL
416082,LC,NULL
417832,VU,NULL
418212,LC,NULL
419655,LC,NULL
419635,LC,NULL
416301,LC,NULL
419624,LC,NULL
417930,NT,NULL
419680,LC,NULL
417952,LC,NULL
416105,LC,NULL
417714,LC,NULL
419431,LC,NULL
416157,LC,NULL
419646,LC,NULL
419434,LC,NULL
419663,LC,NULL
419650,LC,NULL
419691,LC,NULL
418087,LC,NULL
416160,LC,NULL
419417,LC,NULL
417585,VU,NULL
419637,LC,NULL
416658,LC,NULL
421238,EN,NULL
419622,LC,NULL
418024,LC,NULL
419424,LC,NULL
419638,LC,NULL
419668,LC,NULL
419698,VU,NULL
418376,LC,NULL
419842,LC,NULL
416423,LC,NULL
417811,NT,NULL
420296,EN,NULL
416099,LC,NULL
418420,LC,NULL
417686,LC,NULL
419642,LC,NULL
418157,LC,NULL
419684,LC,NULL
417865,LC,NULL
419692,LC,NULL
419712,CR,NULL
419656,LC,NULL
418273,LC,NULL
413249,LC,NULL
419658,LC,NULL
418042,LC,NULL
418365,LC,NULL
419657,LC,NULL
421140,LC,NULL
419652,LC,NULL
419696,LC,NULL
416174,LC,NULL
419633,LC,NULL
418216,LC,NULL
416110,LC,NULL
419659,LC,NULL
418071,LC,NULL
417830,LC,NULL
419629,LC,NULL
419689,LC,NULL
419621,LC,NULL
419623,LC,NULL
417632,VU,NULL
419700,LC,NULL
419625,NT,NULL
419626,LC,NULL
417629,LC,NULL
419839,LC,NULL
417783,LC,NULL
416300,LC,NULL
419425,LC,NULL
419420,LC,NULL
420996,LC,NULL
419654,LC,NULL
419432,LC,NULL
408248,LC,NULL
417674,LC,NULL
416095,LC,NULL
418202,EN,NULL
419647,LC,NULL
417942,LC,NULL
419449,LC,NULL
405292,LC,NULL
419422,LC,NULL
416138,EN,NULL
404914,LC,NULL
419848,LC,NULL
419618,LC,NULL
427618,LC,NULL
427010,LC,NULL
429073,LC,NULL
422094,NT,NULL
428668,LC,NULL
425221,LC,NULL
429076,LC,NULL
426748,LC,NULL
428330,LC,NULL
425260,VU,NULL
425226,VU,NULL
427307,LC,NULL
427287,VU,NULL
421735,LC,NULL
429069,LC,NULL
424926,LC,NULL
429070,LC,NULL
425206,NT,NULL
428598,LC,NULL
425213,LC,NULL
428561,VU,NULL
431231,LC,NULL
423981,VU,NULL
422034,LC,NULL
428569,LC,NULL
424230,LC,NULL
427071,LC,NULL
425261,LC,NULL
429246,LC,NULL
427241,LC,NULL
426857,VU,NULL
422517,VU,NULL
428599,LC,NULL
429077,LC,NULL
428588,LC,NULL
427218,CR,NULL
432368,NT,NULL
431232,LC,NULL
429072,LC,NULL
425324,LC,NULL
428585,LC,NULL
427005,LC,NULL
425189,LC,NULL
429064,LC,NULL
427268,LC,NULL
425196,LC,NULL
432243,LC,NULL
429294,LC,NULL
426663,LC,NULL
431229,LC,NULL
421741,EN,NULL
421728,LC,NULL
429223,LC,NULL
424903,LC,NULL
428562,LC,NULL
422466,LC,NULL
427308,LC,NULL
428565,NT,NULL
425194,LC,NULL
428610,VU,NULL
425259,LC,NULL
430456,LC,NULL
422526,NT,NULL
429054,LC,NULL
427396,LC,NULL
425198,LC,NULL
422454,VU,NULL
429071,LC,NULL
425192,LC,NULL
429074,LC,NULL
427240,LC,NULL
427269,LC,NULL
429075,LC,NULL
427266,LC,NULL
424081,LC,NULL
425312,VU,NULL
426651,LC,NULL
422519,VU,NULL
432166,LC,NULL
204488,EN,NULL
380176,VU,NULL
432195,VU,NULL
432194,CR,NULL
348245,EN,NULL
430802,EN,NULL
203258,CR,NULL
422111,VU,NULL
432281,VU,NULL
204794,VU,NULL
201116,LC,NULL
201384,LC,NULL
201413,LC,NULL
201619,LC,NULL
201873,LC,NULL
203185,LC,NULL
203257,LC,NULL
203259,LC,NULL
203260,LC,NULL
203321,LC,NULL
203420,LC,NULL
203737,LC,NULL
203859,LC,NULL
204046,LC,NULL
204612,LC,NULL
204653,LC,NULL
204675,LC,NULL
204711,LC,NULL
204721,LC,NULL
204784,LC,NULL
204786,LC,NULL
205671,LC,NULL
312620,LC,NULL
314178,LC,NULL
314210,LC,NULL
314518a,LC,NULL
380572,LC,NULL
380635,LC,NULL
380636,LC,NULL
380644,LC,NULL
380646,LC,NULL
380651,LC,NULL
380656,LC,NULL
400899,LC,NULL
400999,LC,NULL
401000,LC,NULL
401478,LC,NULL
401689,LC,NULL
401693,LC,NULL
405876,LC,NULL
410031,LC,NULL
413284,LC,NULL
414554,LC,NULL
416029,LC,NULL
416046,LC,NULL
416113,LC,NULL
416114,LC,NULL
417577,LC,NULL
417591,LC,NULL
417657,LC,NULL
417687,LC,NULL
417746,LC,NULL
417757,LC,NULL
417844,LC,NULL
417900,LC,NULL
418008,LC,NULL
418023,LC,NULL
418030,LC,NULL
418053,LC,NULL
418156,LC,NULL
418171,LC,NULL
418200,LC,NULL
418255,LC,NULL
418288,LC,NULL
418292,LC,NULL
418320,LC,NULL
418324,LC,NULL
418356,LC,NULL
418361,LC,NULL
418387,LC,NULL
418391,LC,NULL
419435,LC,NULL
419447,LC,NULL
419651,LC,NULL
419697,LC,NULL
419838,LC,NULL
419847,LC,NULL
419874,LC,NULL
420145,LC,NULL
420165,LC,NULL
420166,LC,NULL
420867,LC,NULL
420939,LC,NULL
420944,LC,NULL
421043,LC,NULL
421072,LC,NULL
424581,LC,NULL
425288,LC,NULL
425350,LC,NULL
425358,LC,NULL
426892,LC,NULL
427295,LC,NULL
429310,LC,NULL
429409,LC,NULL
429689,LC,NULL
429692,LC,NULL
429764,LC,NULL
429827,LC,NULL
430163,LC,NULL
430499,LC,NULL
430500,LC,NULL
430509,LC,NULL
430637,LC,NULL
430638,LC,NULL
430641,LC,NULL
430642,NT,NULL
430643,LC,NULL
430644,LC,NULL
430649,LC,NULL
431588,LC,NULL
431875,LC,NULL
432088,LC,NULL
432168,LC,NULL
432169,LC,NULL
432170,LC,NULL
432171,LC,NULL
432172,LC,NULL
432173,LC,NULL
432174,LC,NULL
432175,LC,NULL
432178,LC,NULL
432179,LC,NULL
432180,LC,NULL
432183,NT,NULL
432185,LC,NULL
432187,LC,NULL
432189,NT,NULL
432198,LC,NULL
432199,LC,NULL
432207,LC,NULL
432208,LC,NULL
432214,LC,NULL
432256,LC,NULL
432280,LC,NULL
432290,LC,NULL
432301,LC,NULL
432356,LC,NULL
432357,LC,NULL
432362,LC,NULL
432365,NT,NULL
432366,LC,NULL
432449,LC,NULL
432454,LC,NULL
432456,LC,NULL
432516,LC,NULL
432517,LC,NULL
432522,LC,NULL
432537,LC,NULL
ITS-505191,LC,NULL
420968,LC,NULL
Fis-59470,LC,NULL
ILD-20821-16735,LC,NULL
430608,LC,NULL
Fis-31083,LC,NULL
Fis-51787,LC,NULL
Fis-4089,LC,NULL
Fis-4141,LC,NULL
Fis-4118,LC,NULL
Fis-4576,LC,NULL
Fis-4135,LC,NULL
Odo-5982,LC,NULL
420897,LC,NULL
419865,LC,NULL
420952,LC,NULL
419866,LC,NULL
420871,LC,NULL
419664,LC,NULL
432177,LC,NULL
432347,LC,NULL
420926,LC,NULL
420927,LC,NULL
420969,LC,NULL
Kew-294700,LC,NULL
Kew-295955,LC,NULL
ac2011:8344068,LC,NULL
421022,LC,NULL
Fis-8756,LC,NULL
Fis-8755,LC,NULL
Fis-8754,LC,NULL
Fis-47181,LC,NULL
421064,LC,NULL
420864,LC,NULL
421063,LC,NULL
Fis-176,LC,NULL
421012,LC,NULL
421029,LC,NULL
ITS-175036,LC,NULL
Fis-5969,LC,NULL
421116,LC,NULL
420215,LC,NULL
421115,LC,NULL
420893,LC,NULL
420894,LC,NULL
Fis-56132,LC,NULL
ac2013:13859,LC,NULL
Kew-299981,LC,NULL
421017,LC,NULL
420932,LC,NULL
432167,LC,NULL
421097,LC,NULL
421095,LC,NULL
419936,LC,NULL
421096,LC,NULL
421045,LC,NULL
Fis-61504,LC,NULL
408215,LC,NULL
430609,LC,NULL
Fis-62197,LC,NULL
Fis-145458,LC,NULL
Fis-22738,LC,NULL
Fis-10117,LC,NULL
ac2011:8347212,LC,NULL
Fis-19446,LC,NULL
421006,LC,NULL
Fis-49672,LC,NULL
380564,LC,NULL
Fis-114553,LC,NULL
426009,LC,NULL
Fis-8317,LC,NULL
Fis-50895,LC,NULL
Fis-62626,LC,NULL
Fis-62631,LC,NULL
420991,LC,NULL
421105,LC,NULL
420174,LC,NULL
421145,LC,NULL
Kew-24015,LC,NULL
421094,LC,NULL
421007,LC,NULL
424146,LC,NULL
432186,LC,NULL
421093,LC,NULL
420860,LC,NULL
420872,LC,NULL
420931,LC,NULL
421034,LC,NULL
425974,LC,NULL
Fis-8783,LC,NULL
Fis-61013,LC,NULL
420978,LC,NULL
420977,LC,NULL
Fis-150374,LC,NULL
Fis-10096,LC,NULL
Fis-22854,LC,NULL
Fis-157534,LC,NULL
Fis-131940,LC,NULL
408916,LC,NULL
Kew-228048,LC,NULL
421117,LC,NULL
421118,LC,NULL
ITS-176801,LC,NULL
420869,LC,NULL
420950,LC,NULL
419639,LC,NULL
Fis-58055,LC,NULL
Kew-36720,LC,NULL
Fis-17524,LC,NULL
425986,LC,NULL
411194,LC,NULL
427037|427035,LC,NULL
419641,LC,NULL
420995,LC,NULL
Fis-17374,LC,NULL
Fis-6931,LC,NULL
Fis-139101,LC,NULL
Fis-58068,LC,NULL
Fis-152021,LC,NULL
Fis-32531,LC,NULL
Fis-14124,LC,NULL
Fis-8730,LC,NULL
Fis-31448,LC,NULL
420982,LC,NULL
420913,LC,NULL
420946,LC,NULL
420945,LC,NULL
420895,LC,NULL
420914,LC,NULL
Fis-31402,LC,NULL
Fis-31213,LC,NULL
Fis-21989,LC,NULL
425672,LC,NULL
Fis-27257,LC,NULL
Fis-124158,LC,NULL
Fis-52151,LC,NULL
421039,LC,NULL
420980,LC,NULL
419846,LC,NULL
Fis-121729,LC,NULL
Fis-148910,LC,NULL
Fis-160227,LC,NULL
Fis-35167,LC,NULL
420920,LC,NULL
ac2013:10699,LC,NULL
ac2013:10706,LC,NULL
ac2013:10697,LC,NULL
420844,LC,NULL
420843,LC,NULL
Fis-116275,LC,NULL
421126,LC,NULL
Fis-130902,LC,NULL
315704|414350,LC,NULL
ac2013:09669,LC,NULL
315738|414352,LC,NULL
315757|414358,LC,NULL
315779|414363,LC,NULL
420911,LC,NULL
Fis-152857,LC,NULL
Fis-134669,LC,NULL
420960,LC,NULL
420959,LC,NULL
421136,LC,NULL
420884,LC,NULL
Fis-135550,LC,NULL
380582,LC,NULL
ILD-4499-3569,LC,NULL
Fis-145166,LC,NULL
Fis-25953,LC,NULL
Fis-145439,LC,NULL
425629,LC,NULL
420934,LC,NULL
420910,LC,NULL
420919,LC,NULL
Fis-113568,LC,NULL
426058,LC,NULL
420885,LC,NULL
Fis-7148,LC,NULL
Fis-50961,LC,NULL
Kew-235581,LC,NULL
Kew-235688,LC,NULL
Kew-236080,LC,NULL
Kew-236468,LC,NULL
Kew-236768,LC,NULL
Kew-237000,LC,NULL
ac2013:04084,LC,NULL
Kew-237735,LC,NULL
413094,LC,NULL
Fis-28451,LC,NULL
Fis-10322,LC,NULL
421038,LC,NULL
420846,LC,NULL
420987,LC,NULL
Fis-15820,LC,NULL
420921,LC,NULL
419856,LC,NULL
421091,LC,NULL
421092,LC,NULL
421057,LC,NULL
421056,LC,NULL
Fis-50464,LC,NULL
Fis-50463,LC,NULL
Fis-29366,LC,NULL
Fis-50455,LC,NULL
423977,LC,NULL
Fis-155190,LC,NULL
Fis-61944,LC,NULL
Fis-162275,LC,NULL
Fis-61942,LC,NULL
420998,LC,NULL
420999,LC,NULL
ITS-21405,LC,NULL
204756,LC,NULL
Fis-62040,LC,NULL
Fis-8950,LC,NULL
421130,LC,NULL
421088,LC,NULL
420230,LC,NULL
421129,LC,NULL
420929,LC,NULL
420231,LC,NULL
420930,LC,NULL
420928,LC,NULL
Fis-22756,LC,NULL
429093,LC,NULL
421081,LC,NULL
Fis-151750,LC,NULL
421167,LC,NULL
Fis-114253,LC,NULL
Fis-125754,LC,NULL
421127,LC,NULL
421128,LC,NULL
Fis-121067,LC,NULL
Fis-131713,LC,NULL
404583,LC,NULL
420907,LC,NULL
Ast-Syn-12852,LC,NULL
Fis-146573,LC,NULL
Fis-585,LC,NULL
Fis-586,LC,NULL
Fis-30013,LC,NULL
420861,LC,NULL
Kew-77889,LC,NULL
420933,LC,NULL
421018,LC,NULL
Fis-59873,LC,NULL
Fis-148891,LC,NULL
420997,LC,NULL
421110,LC,NULL
Kew-245866,LC,NULL
Kew-245932,LC,NULL
Fis-135149,LC,NULL
421032,LC,NULL
420851,LC,NULL
420947,LC,NULL
420850,LC,NULL
421061,LC,NULL
418139,LC,NULL
421062,LC,NULL
419840,LC,NULL
419448,LC,NULL
420868,LC,NULL
ITS-176882,LC,NULL
Fis-119966,LC,NULL
Fis-156781,LC,NULL
425638,LC,NULL
Fis-47469,LC,NULL
Fis-7935,LC,NULL
Fis-33143,LC,NULL
Fis-16119,LC,NULL
421019,LC,NULL
421015,LC,NULL
Fis-4501,LC,NULL
ac2011:8313361,LC,NULL
ILD-7730-1217,LC,NULL
Fis-125795,LC,NULL
Fis-32919,LC,NULL
Fis-16607,LC,NULL
Fis-35229,LC,NULL
Fis-30099,LC,NULL
380519,LC,NULL
420979,LC,NULL
421090,LC,NULL
Fis-5609,LC,NULL
421036,LC,NULL
421037,LC,NULL
ac2013:06777,LC,NULL
420134,LC,NULL
ac2011:4480069,LC,NULL
416651|416656,LC,NULL
Fis-30130,LC,NULL
Fis-10978,LC,NULL
420956,LC,NULL
419858,LC,NULL
421042,LC,NULL
420131,LC,NULL
Odo-4659,LC,NULL
Fis-32106,LC,NULL
Fis-60681,LC,NULL
ILD-3852-2744,LC,NULL
ILD-22935-19784,LC,NULL
ac2013:08955,LC,NULL
Fis-48333,LC,NULL
IOP-397,LC,NULL
424157,LC,NULL
Con-2013,LC,NULL
420971,LC,NULL
204107,LC,NULL
ac2011:4480340,LC,NULL
401688,LC,NULL
Kew-251232,LC,NULL
Fis-31129,LC,NULL
Fis-23167,LC,NULL
Fis-50028,LC,NULL
Kew-107831,LC,NULL
420875,LC,NULL
432176,LC,NULL
421051,LC,NULL
421052,LC,NULL
421053,LC,NULL
430607,LC,NULL
420891,LC,NULL
419703,LC,NULL
420840,LC,NULL
ac2014:11932995,LC,NULL
420841,LC,NULL
ac2013:13348,LC,NULL
404598,LC,NULL
380173,LC,NULL
Fis-32952,LC,NULL
Fis-59756,LC,NULL
Fis-157515,LC,NULL
Fis-22666,LC,NULL
204614,LC,NULL
424905,LC,NULL
Fis-21387,LC,NULL
417669|416173,LC,NULL
Fis-13882,LC,NULL
420873,LC,NULL
420874,LC,NULL
380472,LC,NULL
419421,LC,NULL
421113,LC,NULL
421112,LC,NULL
421111,LC,NULL
Fis-154894,LC,NULL
ITS-32256,LC,NULL
Odo-5771,LC,NULL
420981,LC,NULL
419636,LC,NULL
ITS-175095,LC,NULL
419892,LC,NULL
421703,LC,NULL
Fis-7934,LC,NULL
Fis-113542,LC,NULL
Fis-15058,LC,NULL
ITS-565302,LC,NULL
420936,LC,NULL
380027,LC,NULL
205150,LC,NULL
Fis-58490,LC,NULL
421727,LC,NULL
ILD-20551-16527,LC,NULL
420986,LC,NULL
420918,LC,NULL
420917,LC,NULL
ITS-726116,LC,NULL
Fis-58494,LC,NULL
421067,LC,NULL
421066,LC,NULL
Fis-3341,LC,NULL
Fis-150774,LC,NULL
Fis-59599,LC,NULL
Fis-135096,LC,NULL
Fis-59598,LC,NULL
Fis-62061,LC,NULL
Fis-146727,LC,NULL
Fis-27302,LC,NULL
Fis-11652,LC,NULL
314331b,LC,NULL
ac2013:10078,LC,NULL
ac2013:09603,LC,NULL
420862,LC,NULL
380392,LC,NULL
419717,LC,NULL
419634,LC,NULL
Alg-27238,LC,NULL
Fis-7260,LC,NULL
425730,LC,NULL
420852,LC,NULL
420888,LC,NULL
421132,LC,NULL
421107,LC,NULL
424080,LC,NULL
Fis-30428,LC,NULL
Fis-946,LC,NULL
416666|416663,LC,NULL
421085,LC,NULL
421084,LC,NULL
Kew-138361,LC,NULL
Fis-62695,LC,NULL
Fis-50486,LC,NULL
419708,LC,NULL
419707,LC,NULL
Fis-47757,LC,NULL
429091,LC,NULL
421054,LC,NULL
421055,LC,NULL
ac2011:8373182,LC,NULL
ac2011:8373211,LC,NULL
Fis-146778,LC,NULL
Fis-47532,LC,NULL
Fis-142189,LC,NULL
Kew-286310,LC,NULL
Fis-59768,LC,NULL
425636,LC,NULL
426015,LC,NULL
426017,LC,NULL
Fis-162377,LC,NULL
Fis-10951,LC,NULL
420992,LC,NULL
420993,LC,NULL
420906,LC,NULL
Fis-25873,LC,NULL
420924,LC,NULL
420940,LC,NULL
Fis-19686,LC,NULL
ac2013:02590,LC,NULL
ac2013:04760,LC,NULL
ITS-518732,LC,NULL
ITS-518735,LC,NULL
421031,LC,NULL
421030,LC,NULL
421003,LC,NULL
421004,LC,NULL
ac2011:8377219,LC,NULL
420915,LC,NULL
421123,LC,NULL
420185,LC,NULL
421122,LC,NULL
ac2014:10002174,LC,NULL
420984,LC,NULL
421065,LC,NULL
420964,LC,NULL
ITS-726117,LC,NULL
420847,LC,NULL
420091,LC,NULL
420988,LC,NULL
424492,LC,NULL
419643,LC,NULL
Fis-62609,LC,NULL
421131,LC,NULL
Fis-13669,LC,NULL
Fis-124239,LC,NULL
404641,LC,NULL
419693,LC,NULL
ac2011:8379997,LC,NULL
ac2011:8379977,LC,NULL
420905,LC,NULL
421099,LC,NULL
Fis-22061,LC,NULL
Fis-154427,LC,NULL
Fis-14009,LC,NULL
421059,LC,NULL
404643,LC,NULL
ac2013:02916,LC,NULL
ac2013:02917,LC,NULL
Fis-33714,LC,NULL
Fis-13709,LC,NULL
420845,LC,NULL
420941,LC,NULL
420989,LC,NULL
420120,LC,NULL
420122,LC,NULL
420123,LC,NULL
421114,LC,NULL
Fis-154239,LC,NULL
Fis-7156,LC,NULL
420955,LC,NULL
421125,LC,NULL
380360,LC,NULL
Kew-174934,LC,NULL
421071,LC,NULL
420954,LC,NULL
420951,LC,NULL
404649,LC,NULL
ITS-775992,LC,NULL
432681,LC,NULL
427536,LC,NULL
Fis-131977,LC,NULL
Fis-23243,LC,NULL
421027,LC,NULL
421028,LC,NULL
Fis-152141,LC,NULL
Fis-7387,LC,NULL
ac2013:05168,LC,NULL
201126,LC,NULL
Fis-1117,LC,NULL
Fis-1144,LC,NULL
Fis-23784,LC,NULL
Fis-30603,LC,NULL
ac2013:05459,LC,NULL
421083,LC,NULL
421082,LC,NULL
Fis-121738,LC,NULL
Fis-157496,LC,NULL
Fis-148151,LC,NULL
Fis-7184,LC,NULL
Kew-262915,LC,NULL
Kew-263102,LC,NULL
Fis-13286,LC,NULL
Fis-133251,LC,NULL
Fis-59877,LC,NULL
Fis-53495,LC,NULL
ac2013:14858,LC,NULL
Fis-4663,LC,NULL
Fis-1574,LC,NULL
432307,LC,NULL
Fis-3949,LC,NULL
Fis-31040,LC,NULL
Fis-3947,LC,NULL
Fis-3716,LC,NULL
Fis-3976,LC,NULL
420896,LC,NULL
419678,LC,NULL
Odo-4900,LC,NULL
Fis-57298,LC,NULL
Fis-6123,LC,NULL
419893,LC,NULL
Fis-31200,LC,NULL
Fis-19397,LC,NULL
420990,LC,NULL
Fis-1271,LC,NULL
Fis-12558,LC,NULL
Fis-62048,LC,NULL
420848,LC,NULL
ITS-97686,LC,NULL
421011,LC,NULL
421010,LC,NULL
419710,LC,NULL
Fis-139759,LC,NULL
ITS-556363,LC,NULL
ac2013:11164,LC,NULL
Fis-135804,LC,NULL
Fis-7938,LC,NULL
421008,LC,NULL
420923,LC,NULL
419845,LC,NULL
421142,LC,NULL
Fis-47557,LC,NULL
421000,LC,NULL
421002,LC,NULL
421001,LC,NULL
420901,LC,NULL
420876,LC,NULL
420957,LC,NULL
419714,LC,NULL
419711,LC,NULL
ITS-176932,LC,NULL
ac2011:4488268,LC,NULL
ac2013:10808,LC,NULL
Fis-1533,LC,NULL
Fis-59881,LC,NULL
Fis-1435,LC,NULL
420994,LC,NULL
Fis-19294,LC,NULL
Fis-63656,LC,NULL
420983,LC,NULL
420898,LC,NULL
Rep-Syn-16835,LC,NULL
420890,LC,NULL
420866,LC,NULL
Con-4667,LC,NULL
421044,LC,NULL
421086,LC,NULL
420171,LC,NULL
421087,LC,NULL
420855,LC,NULL
420853,LC,NULL
420854,LC,NULL
Fis-58684,LC,NULL
421763,LC,NULL
Fis-5661,LC,NULL
420970,LC,NULL
Fis-2131,LC,NULL
420849,LC,NULL
ac2013:14019,LC,NULL
Fis-47956,LC,NULL
Kew-308977,LC,NULL
Fis-7960,LC,NULL
Rep-7264,LC,NULL
Fis-47558,LC,NULL
201174,LC,NULL
Fis-60035,LC,NULL
Fis-14616,LC,NULL
432191,LC,NULL
Fis-143889,LC,NULL
425506,LC,NULL
431234,LC,NULL
421144,LC,NULL
420942,LC,NULL
421016,LC,NULL
425390,NT,NULL
Fis-12876,NT,NULL
Fis-142396,NT,NULL
Fis-23046,NT,NULL
Fis-131929,NT,NULL
Fis-131959,NT,NULL
Con-1193,NT,NULL
Fis-132126,NT,NULL
Ast-Syn-26558,NT,NULL
420902,NT,NULL
404568,NT,NULL
Fis-13593,NT,NULL
Fis-61291,NT,NULL
420856,NT,NULL
SF-451982,NT,NULL
Rep-Syn-8879,NT,NULL
420904,NT,NULL
420903,NT,NULL
432306,NT,NULL
Fis-48215,NT,NULL
420889,NT,NULL
ac2011:8373172,NT,NULL
Fis-7724,NT,NULL
420887,NT,NULL
426139,NT,NULL
420958,NT,NULL
420899,NT,NULL
Fis-59273,VU,NULL
ac2013:04600,VU,NULL
Kew-12198,VU,NULL
408861,VU,NULL
Con-5034,VU,NULL
Fis-12356,VU,NULL
Fis-29900,VU,NULL
Fis-135994,VU,NULL
Fis-19270,VU,NULL
ac2013:13812,VU,NULL
Fis-59226,VU,NULL
Fis-151026,VU,NULL
Fis-48216,VU,NULL
ac2011:8373204,VU,NULL
426013,VU,NULL
426014,VU,NULL
IOP-577903,VU,NULL
Fis-128248,VU,NULL
420865,VU,NULL
Con-4673,VU,NULL
Fis-132380,VU,NULL
Fis-135618,VU,NULL
Kew-199116,VU,NULL
414553,VU,NULL
410220,EN,NULL
Fis-57966,EN,NULL
ac2011:7212021,EN,NULL
Con-1713,EN,NULL
Con-4023,EN,NULL
Fis-8878,EN,NULL
Kew-74243,EN,NULL
Kew-90801,EN,NULL
Fis-16604,EN,NULL
ac2013:14621,EN,NULL
ac2013:04734,EN,NULL
Fis-26730,EN,NULL
313133,EN,NULL
426016,EN,NULL
203300,EN,NULL
424493,EN,NULL
416181|416184|416180|416182,EN,NULL
Fis-62889,EN,NULL
ILD-7093,EN,NULL
Fis-54293,EN,NULL
ac2013:03765,CR,NULL
Kew-50451,CR,NULL
203289,CR,NULL
421089,CR,NULL
203301,CR,NULL
Kew-338149,CR,NULL
Kew-187597,CR,NULL